d1,d2,d1_url
David Lynch,,/name/nm0000186/
Wong Kar-wai,,/name/nm0939182/
Terrence Malick,,/name/nm0000517/
Edward Yang,,/name/nm0945981/
Jean-Luc Godard,,/name/nm0000419/
Mohammad Rasoulof,,/name/nm1488024/
Raoul Ruiz,,/name/nm0749914/
Abbas Kiarostami,,/name/nm0452102/
Johnnie To,,/name/nm0864775/
Carlos Saura,,/name/nm0767022/
Wong Kar-wai,,/name/nm0939182/
Michel Gondry,,/name/nm0327273/
Apichatpong Weerasethakul,,/name/nm0917405/
Hayao Miyazaki,,/name/nm0594503/
Joshua Oppenheimer,,/name/nm1484791/
Wes Anderson,,/name/nm0027572/
Terrence Malick,,/name/nm0000517/
Abbas Kiarostami,,/name/nm0452102/
Jia Zhangke,,/title/tt4092686/
Gus Van Sant,,/name/nm0001814/
Kathryn Bigelow,,/name/nm0000941/
David Cronenberg,,/name/nm0000343/
Wes Anderson,,/name/nm0027572/
Sarah Polley,,/name/nm0001631/
Martin Campbell,,/name/nm0132709/
Michel Gondry,,/name/nm0327273/
Miguel Gomes,,/name/nm0326937/
Pablo Berger,,/name/nm0074311/
Courtney Hunt,,/name/nm2581581/
Robert Altman,,/name/nm0000265/
Wong Kar-wai,,/name/nm0939182/
David Lynch,,/name/nm0000186/
Christopher Nolan,,/name/nm0634240/
Guillermo Del Toro,,/name/nm0868219/
Michael Haneke,,/name/nm0359734/
Werner Herzog,,/name/nm0001348/
Cristian Mungiu,,/name/nm0612816/
Leos Carax,,/name/nm0136021/
Claude Lanzmann,,/name/nm0487351/
Paul Thomas Anderson,,/name/nm0000759/
Michael Haneke,,/name/nm0359734/
Kenneth Lonergan,,/name/nm0518836/
Mary Harron,,/name/nm0366004/
Cristian Mungiu,,/name/nm0612816/
Michael Haneke,,/name/nm0359734/
David Lynch,,/name/nm0000186/
Jessica Hausner,,/name/nm0369618/
Andrea Arnold,,/name/nm0036349/
Richard Linklater,,/name/nm0000500/
Pablo Larraín,,/name/nm1883257/
Joel, Ethan Coen,/name/nm0001054/
Hayao Miyazaki,,/name/nm0594503/
Asghar Farhadi,,/name/nm1410815/
Guillermo Del Toro,,/name/nm0868219/
Andrew Stanton, Lee Unkrich,/name/nm0004056/
Zhang Yimou,,/title/tt1269610/
Martin Scorsese,,/name/nm0000217/
Bong Joon-ho,,/name/nm0094435/
Paul Greengrass,,/name/nm0339030/
Steven Soderbergh,,/name/nm0001752/
Danièle Huillet, Jean-Marie Straub,/name/nm0401247/
Marco Bellocchio,,/name/nm0069166/
Michelangelo Frammartino,,/name/nm1506005/
Ermanno Olmi,,/name/nm0647438/
Paolo Benvenuti,,/name/nm0073047/
Luigi M. Faccini,,/name/nm0264825/
Franco Piavoli,,/name/nm0681311/
Pippo Delbono,,/name/nm2647632/
Marco De Angelis, Antonio Di Trapani,/name/nm3042162/
Yervant Gianikian, Angela Ricci Lucchi,/name/nm0316214/
Charlie Kaufman,,/name/nm0442109/
David Lynch,,/name/nm0000186/
Michel Gondry,,/name/nm0327273/
Darren Aronofsky,,/name/nm0004716/
Rick Alverson,,/name/nm3687830/
Lars von Trier,,/name/nm0001885/
Quentin Tarantino,,/name/nm0000233/
Joel, Ethan Coen,/name/nm0001054/
Jim Jarmusch,,/name/nm0000464/
Ari Folman,,/name/nm0284369/
Paul Thomas Anderson,,/name/nm0000759/
Spike Lee,,/name/nm0000490/
Michael Winterbottom,,/name/nm0935863/
David Lynch,,/name/nm0000186/
Nuri Bilge Ceylan,,/name/nm0149196/
David Fincher,,/name/nm0000399/
Joel, Ethan Coen,/name/nm0001054/
Tomas Alfredson,,/name/nm0019247/
Shane Carruth,,/name/nm1503403/
Wong Kar-wai,,/name/nm0939182/
"Paris, 1871) (Peter Watkins",,
Apichatpong Weerasethakul,,/name/nm0917405/
Wong Kar-wai,,/name/nm0939182/
Spike Jonze,,/name/nm0005069/
Carlos Reygadas,,/name/nm1196161/
Michael Haneke,,/name/nm0359734/
David Lynch,,/name/nm0000186/
David Lynch,,/name/nm0000186/
Raoul Ruiz,,/name/nm0749914/
Michel Gondry,,/name/nm0327273/
Paul Thomas Anderson,,/name/nm0000759/
David Lynch,,/name/nm0000186/
Alfonso Cuarón,,/name/nm0190859/
Fernando Meirelles, Kátia Lund,/name/nm0576987/
Guillermo Del Toro,,/name/nm0868219/
Christopher Nolan,,/name/nm0634240/
Brad Bird,,/name/nm0083348/
Alejandro González Iñárritu,,/name/nm0327944/
Joel, Ethan Coen,/name/nm0001054/
Ang Lee,,/name/nm0000487/
Wong Kar-wai,,/name/nm0939182/
Steve McQueen,,/name/nm0000537/
Hayao Miyazaki,,/name/nm0594503/
Andrea Arnold,,/name/nm0036349/
Xavier Dolan,,/name/nm0230859/
Pedro Almodóvar,,/name/nm0000264/
Abderrahmane Sissako,,/name/nm0803066/
Ava DuVernay,,/name/nm1148550/
Michael Haneke,,/name/nm0359734/
Lucrecia Martel,,/name/nm0551506/
Wes Anderson,,/name/nm0027572/
Todd Haynes,,/name/nm0001331/
Wes Anderson,,/name/nm0027572/
Sofia Coppola,,/name/nm0001068/
Tom Ford,,/name/nm1053530/
Hayao Miyazaki,,/name/nm0594503/
Lee Unkrich,,/name/nm0881279/
Michel Gondry,,/name/nm0327273/
Luca Guadagnino,,/name/nm0345174/
Richard Kelly,,/name/nm0446819/
Paul Thomas Anderson,,/name/nm0000759/
Jean-Luc Godard,,/name/nm0000419/
David Cronenberg,,/name/nm0000343/
Evan Goldberg, Seth Rogen,/name/nm1698571/
Sofia Coppola,,/name/nm0001068/
Leos Carax,,/name/nm0136021/
Chantal Akerman,,/name/nm0001901/
Joel, Ethan Coen,/name/nm0001054/
Jacques Rivette,,/name/nm0729626/
Spike Lee,,/name/nm0000490/
Richard Linklater,,/name/nm0000500/
Jonathan Glazer,,/name/nm0322242/
Duke Johnson, Charlie Kaufman,/name/nm2122478/
Steve McQueen,,/name/nm0000537/
"Eric Darnell, Tom McGrath", Conrad Vernon,
Mike Leigh,,/name/nm0005139/
Julian Schnabel,,/name/nm0773603/
Alfonso Cuarón,,/name/nm0190859/
David Fincher,,/name/nm0000399/
Asghar Farhadi,,/name/nm1410815/
Andrew Stanton,,/name/nm0004056/
Wong Kar-wai,,/name/nm0939182/
Hayao Miyazaki,,/name/nm0594503/
Richard Linklater,,/name/nm0000500/
Nanni Moretti,,/name/nm0604335/
Mariano Llinás,,/name/nm1183471/
David Lynch,,/name/nm0000186/
David Fincher,,/name/nm0000399/
Gus Van Sant,,/name/nm0001814/
Apichatpong Weerasethakul,,/name/nm0917405/
David Lynch,,/name/nm0000186/
Pedro Almodóvar,,/name/nm0000264/
Hou Hsiao-hsien,,/title/tt4092526/
Clint Eastwood,,/name/nm0000142/
Wong Kar-wai,,/name/nm0939182/
Andrey Zvyagintsev,,/name/nm1168657/
Jia Zhangke,,/title/tt4092686/
Nuri Bilge Ceylan,,/name/nm0149196/
Terrence Malick,,/name/nm0000517/
Jacques Audiard,,/name/nm0002191/
Abderrahmane Sissako,,/name/nm0803066/
Abdellatif Kechiche,,/name/nm0444244/
,,/name/nm0545408/
Asghar Farhadi,,/name/nm1410815/
Juan José Campanella,,/name/nm0002728/
Park Chan-wook,,/name/nm0661791/
Wong Kar-wai,,/name/nm0939182/
Catherine Breillat,,/name/nm0106924/
J. A. Bayona,,/name/nm1291105/
Thomas Vinterberg,,/name/nm0899121/
Harmony Korine,,/name/nm0005101/
Guy Maddin,,/name/nm0534665/
Roman Polanski,,/name/nm0000591/
Baz Luhrmann,,/name/nm0525303/
George Lucas,,/name/nm0000184/
Pacho Velez, Stephanie Spray,/name/nm1381945/
David Fincher,,/name/nm0000399/
Roy Andersson,,/name/nm0027815/
Bong Joon-ho,,/name/nm0094435/
Joel, Ethan Coen,/name/nm0001054/
Ousmane Sembène,,/name/nm0783733/
Abderrahmane Sissako,,/name/nm0803066/
Jihan El-Tahri,,/name/nm1911613/
Mahamat-Saleh Haroun,,/name/nm0757958/
Ngozi Onwurah,,/name/nm0648937/
Bazi Gete,,/name/nm6514631/
Jean-Marie Téno,,/name/nm0879403/
Andrew Dosunmu,,/name/nm0234506/
Khalo Matabane,,/name/nm1988834/
Amma Asante,,/name/nm1392994/
Darren Aronofsky,,/name/nm0004716/
Lars von Trier,,/name/nm0001885/
Alfonso Cuarón,,/name/nm0190859/
Jean-Pierre, Luc Dardenne,/name/nm0077450/
Joel, Ethan Coen,/name/nm0001054/
Andrea Arnold,,/name/nm0036349/
Terrence Malick,,/name/nm0000517/
Christopher Nolan,,/name/nm0634240/
Quentin Tarantino,,/name/nm0000233/
Gaspar Noé,,/name/nm0637615/
Michael Haneke,,/name/nm0359734/
Asghar Farhadi,,/name/nm1410815/
Wong Kar-wai,,/name/nm0939182/
Jacques Audiard,,/name/nm0002191/
Mira Nair,,/name/nm0619762/
László Nemes,,/name/nm1841577/
Raam Reddy,,/name/nm5339365/
Abdellatif Kechiche,,/name/nm0444244/
Danis Tanovic,,/name/nm0849786/
Ari Folman,,/name/nm0284369/
Jean-Luc Godard,,/name/nm0000419/
Martin Scorsese,,/name/nm0000217/
Claude Lanzmann,,/name/nm0487351/
Abbas Kiarostami,,/name/nm0452102/
Wes Anderson,,/name/nm0027572/
Josephine Decker,,/name/nm2528451/
Josh, Benny Safdie,/name/nm0005045/
Miranda July,,/name/nm0432380/
Leos Carax,,/name/nm0136021/
Sara Fattahi,,/name/nm7986571/
Cristian Mungiu,,/name/nm0612816/
Wes Anderson,,/name/nm0027572/
Joel, Ethan Coen,/name/nm0001054/
Ari Folman,,/name/nm0284369/
Avi Nesher,,/name/nm0626409/
Joseph Cedar,,/name/nm0147737/
Jean-Pierre, Luc Dardenne,/name/nm0077450/
Wong Kar-wai,,/name/nm0939182/
Kenneth Lonergan,,/name/nm0518836/
Eytan Fox,,/name/nm0297202/
David Lynch,,/name/nm0000186/
Paul Thomas Anderson,,/name/nm0000759/
Joel, Ethan Coen,/name/nm0001054/
Hayao Miyazaki,,/name/nm0594503/
Alfonso Cuarón,,/name/nm0190859/
Wong Kar-wai,,/name/nm0939182/
Jennifer Kent,,/name/nm0448768/
Asghar Farhadi,,/name/nm1410815/
Michael Haneke,,/name/nm0359734/
Richard Linklater,,/name/nm0000500/
Michael Haneke,,/name/nm0359734/
Wong Kar-wai,,/name/nm0939182/
Kim Ki-duk,,/title/tt1137972/
Lars von Trier,,/name/nm0001885/
Gus Van Sant,,/name/nm0001814/
Aleksandr Sokurov,,/name/nm0812546/
Fernando Meirelles, Kátia Lund,/name/nm0576987/
Jacques Audiard,,/name/nm0002191/
Cristian Mungiu,,/name/nm0612816/
Pete Docter,,/name/nm0230032/
Joel, Ethan Coen,/name/nm0001054/
Vincent Paronnaud, Marjane Satrapi,/name/nm1749112/
Andrea Arnold,,/name/nm0036349/
Guillermo Del Toro,,/name/nm0868219/
Wong Kar-wai,,/name/nm0939182/
Hayao Miyazaki,,/name/nm0594503/
George Miller,,/name/nm0004306/
Joe Cornish,,/name/nm0180428/
Michel Gondry,,/name/nm0327273/
Wes Anderson,,/name/nm0027572/
Juan José Campanella,,/name/nm0002728/
Richard Linklater,,/name/nm0000500/
Michel Gondry,,/name/nm0327273/
Brad Bird, Jan Pinkava,/name/nm0083348/
Sarah Polley,,/name/nm0001631/
Guillermo Del Toro,,/name/nm0868219/
Alejandro González Iñárritu,,/name/nm0327944/
Asghar Farhadi,,/name/nm1410815/
Steven Spielberg,,/name/nm0000229/
Baz Luhrmann,,/name/nm0525303/
David Lynch,,/name/nm0000186/
Terrence Malick,,/name/nm0000517/
Wong Kar-wai,,/name/nm0939182/
Richard Linklater,,/name/nm0000500/
Lee Chang-dong,,/name/nm0496969/
David Fincher,,/name/nm0000399/
Christopher Nolan,,/name/nm0634240/
Jean-Pierre, Luc Dardenne,/name/nm0077450/
Ang Lee,,/name/nm0000487/
Claire Denis,,/name/nm0219136/
Tommy Lee Jones,,/name/nm0000169/
Paul Thomas Anderson,,/name/nm0000759/
Asghar Farhadi,,/name/nm1410815/
Alejandro González Iñárritu,,/name/nm0327944/
Takeshi Kitano,,/name/nm0001429/
Xavier Dolan,,/name/nm0230859/
Lars von Trier,,/name/nm0001885/
Alain Gomis,,/name/nm0327120/
Ken Loach,,/name/nm0516360/
Newton I. Aduaka,,/name/nm0012529/
Joel, Ethan Coen,/name/nm0001054/
Richard Linklater,,/name/nm0000500/
David Lynch,,/name/nm0000186/
Cameron Crowe,,/name/nm0001081/
Charlie Kaufman,,/name/nm0442109/
Guillermo Del Toro,,/name/nm0868219/
Steven Spielberg,,/name/nm0000229/
David Fincher,,/name/nm0000399/
Terrence Malick,,/name/nm0000517/
Bong Joon-ho,,/name/nm0094435/
David Lynch,,/name/nm0000186/
Apichatpong Weerasethakul,,/name/nm0917405/
Hayao Miyazaki,,/name/nm0594503/
Jonathan Glazer,,/name/nm0322242/
Aleksey German,,/name/nm0314516/
George Miller,,/name/nm0004306/
Paul Thomas Anderson,,/name/nm0000759/
Sofia Coppola,,/name/nm0001068/
Larry Charles,,/name/nm0153078/
Roy Andersson,,/name/nm0027815/
George Miller,,/name/nm0004306/
Sofia Coppola,,/name/nm0001068/
Tomas Alfredson,,/name/nm0019247/
Harmony Korine,,/name/nm0005101/
Alfonso Cuarón,,/name/nm0190859/
Don Hertzfeldt,,/name/nm0381116/
Alex Garland,,/name/nm0307497/
Joss Whedon,,/name/nm0923736/
Spike Jonze,,/name/nm0005069/
Quentin Tarantino,,/name/nm0000233/
Edward Yang,,/name/nm0945981/
David Lynch,,/name/nm0000186/
Alfonso Cuarón,,/name/nm0190859/
Kenneth Lonergan,,/name/nm0518836/
Spike Jonze,,/name/nm0005069/
Bong Joon-ho,,/name/nm0094435/
Neill Blomkamp,,/name/nm0088955/
Fernando Meirelles, Kátia Lund,/name/nm0576987/
Whit Stillman,,/name/nm0001775/
Nuri Bilge Ceylan,,/name/nm0149196/
Kim Ki-duk,,/title/tt1137972/
Edward Yang,,/name/nm0945981/
David Lynch,,/name/nm0000186/
Apichatpong Weerasethakul,,/name/nm0917405/
Lav Diaz,,/name/nm0225010/
Kiyoshi Kurosawa,,/name/nm0475905/
Werner Herzog,,/name/nm0001348/
Takahisa Zeze,,/name/nm0955270/
Lav Diaz,,/name/nm0225010/
Hayao Miyazaki,,/name/nm0594503/
Ang Lee,,/name/nm0000487/
Paul Thomas Anderson,,/name/nm0000759/
Roman Polanski,,/name/nm0000591/
Steven Spielberg,,/name/nm0000229/
Ang Lee,,/name/nm0000487/
Clint Eastwood,,/name/nm0000142/
László Nemes,,/name/nm1841577/
David O. Russell,,/name/nm0751102/
Michael Haneke,,/name/nm0359734/
Susanne Bier,,/name/nm0081540/
Michel Gondry,,/name/nm0327273/
Richard Linklater,,/name/nm0000500/
Christopher Nolan,,/name/nm0634240/
Paul Thomas Anderson,,/name/nm0000759/
Christopher Nolan,,/name/nm0634240/
Joel, Ethan Coen,/name/nm0001054/
Andrew Stanton,,/name/nm0004056/
George Miller,,/name/nm0004306/
Quentin Tarantino,,/name/nm0000233/
Alfonso Cuarón,,/name/nm0190859/
Terrence Malick,,/name/nm0000517/
Edward Yang,,/name/nm0945981/
Lee Chang-dong,,/name/nm0496969/
Michel Gondry,,/name/nm0327273/
Michael Haneke,,/name/nm0359734/
Luca Guadagnino,,/name/nm0345174/
László Nemes,,/name/nm1841577/
Andrew Stanton,,/name/nm0004056/
Jørgen Leth, Lars von Trier,/name/nm0504654/
Larry Charles,,/name/nm0153078/
Wong Kar-wai,,/name/nm0939182/
Paweł Pawlikowski,,/name/nm0667734/
Richard Linklater,,/name/nm0000500/
László Nemes,,/name/nm1841577/
Hirokazu Koreeda,,/name/nm0466153/
Pedro Almodóvar,,/name/nm0000264/
Alejandro González Iñárritu,,/name/nm0327944/
Damián Szifrón,,/name/nm1167933/
Bouli Lanners,,/name/nm0099521/
Xavier Dolan,,/name/nm0230859/
John Akomfrah,,/name/nm0015497/
Apichatpong Weerasethakul,,/name/nm0917405/
Khalo Matabane,,/name/nm1988834/
Abderrahmane Sissako,,/name/nm0803066/
Judy Kibinge,,/name/nm1834196/
Ousmane Sembène,,/name/nm0783733/
Samba Gadjigo, Jason Silverman,/name/nm7046188/
Emad Burnat, Guy Davidi,/name/nm4796818/
Nanfu Wang,,/name/nm6811599/
"Boo Junfeng, Eric Khoo, Jack Neo, K. Rajagopal, Tan Pin Pin, Royston Tan", Kelvin Tong,
Charlie Kaufman,,/name/nm0442109/
Ang Lee,,/name/nm0000487/
Andrew Haigh,,/name/nm0354091/
Cristian Mungiu,,/name/nm0612816/
Hayao Miyazaki,,/name/nm0594503/
David France,,/name/nm0289800/
Pedro Almodóvar,,/name/nm0000264/
Robert Pulcini, Shari Springer Berman,/name/nm0700301/
Wong Kar-wai,,/name/nm0939182/
Todd Haynes,,/name/nm0001331/
Terrence Malick,,/name/nm0000517/
George Miller,,/name/nm0004306/
Spike Lee,,/name/nm0000490/
Travis Wilkerson,,/name/nm1288933/
Gina Prince-Bythewood,,/name/nm0697656/
Wong Kar-wai,,/name/nm0939182/
Abderrahmane Sissako,,/name/nm0803066/
Nuri Bilge Ceylan,,/name/nm0149196/
Don Hertzfeldt,,/name/nm0381116/
Robert Greene,,/name/nm1914992/
Sofia Coppola,,/name/nm0001068/
Todd Haynes,,/name/nm0001331/
Edward Yang,,/name/nm0945981/
Lars von Trier,,/name/nm0001885/
Abbas Kiarostami,,/name/nm0452102/
Hayao Miyazaki,,/name/nm0594503/
Don Hertzfeldt,,/name/nm0381116/
David Lynch,,/name/nm0000186/
Claire Denis,,/name/nm0219136/
Jacob Krupnick,,/name/nm4937026/
Joel, Ethan Coen,/name/nm0001054/
Cameron Crowe,,/name/nm0001081/
Michael Mann,,/name/nm0000520/
John Crowley,,/name/nm1259871/
Dan Gilroy,,/name/nm0319659/
Jeff Nichols,,/name/nm2158772/
Wes Anderson,,/name/nm0027572/
Asif Kapadia,,/name/nm0438090/
Noah Baumbach,,/name/nm0000876/
Yorgos Lanthimos,,/name/nm0487166/
Roy Andersson,,/name/nm0027815/
Joshua Oppenheimer,,/name/nm1484791/
Yorgos Lanthimos,,/name/nm0487166/
Andrzej Wajda,,/name/nm0906667/
Kim Ki-duk,,/title/tt1137972/
Michael Haneke,,/name/nm0359734/
David Lynch,,/name/nm0000186/
Ari Folman,,/name/nm0284369/
Park Chan-wook,,/name/nm0661791/
Charlie Kaufman,,/name/nm0442109/
Edward Yang,,/name/nm0945981/
Paul Thomas Anderson,,/name/nm0000759/
Richard Linklater,,/name/nm0000500/
Jia Zhangke,,/title/tt4092686/
Joanna Hogg,,/name/nm0389712/
Lucrecia Martel,,/name/nm0551506/
Joshua Oppenheimer,,/name/nm1484791/
Michael Haneke,,/name/nm0359734/
Elia Suleiman,,/name/nm0837839/
Jafar Panahi,,/name/nm0070159/
David Fincher,,/name/nm0000399/
Joel, Ethan Coen,/name/nm0001054/
Paul Thomas Anderson,,/name/nm0000759/
Sam Raimi,,/name/nm0000600/
Park Chan-wook,,/name/nm0661791/
Quentin Tarantino,,/name/nm0000233/
Chris Buck, Jennifer Lee,/name/nm0118333/
Spike Lee,,/name/nm0000490/
Darren Aronofsky,,/name/nm0004716/
Edgar Wright,,/name/nm0942367/
Paul Thomas Anderson,,/name/nm0000759/
Cristian Mungiu,,/name/nm0612816/
Edward Yang,,/name/nm0945981/
Steve McQueen,,/name/nm0000537/
Richard Linklater,,/name/nm0000500/
David Fincher,,/name/nm0000399/
Kenneth Lonergan,,/name/nm0518836/
David Lynch,,/name/nm0000186/
Fatih Akin,,/name/nm0015359/
Wong Kar-wai,,/name/nm0939182/
Alexander Payne,,/name/nm0668247/
David Fincher,,/name/nm0000399/
Charlie Kaufman,,/name/nm0442109/
Julian Schnabel,,/name/nm0773603/
Lars von Trier,,/name/nm0001885/
Destin Daniel Cretton,,/name/nm2308774/
Andrew Stanton,,/name/nm0004056/
Derek Cianfrance,,/name/nm0161834/
Noah Baumbach,,/name/nm0000876/
Joel, Ethan Coen,/name/nm0001054/
Clint Eastwood,,/name/nm0000142/
Baz Luhrmann,,/name/nm0525303/
Fabián Bielinsky,,/name/nm0081433/
Nanni Moretti,,/name/nm0604335/
Hong Sang-soo,,/name/nm0393254/
Lee Unkrich,,/name/nm0881279/
George Miller,,/name/nm0004306/
Hayao Miyazaki,,/name/nm0594503/
Greg Mottola,,/name/nm0609549/
Kevin Costner,,/name/nm0000126/
Jia Zhangke,,/title/tt4092686/
John Gianvito,,/name/nm1072936/
Quentin Tarantino,,/name/nm0000233/
Kiyoshi Kurosawa,,/name/nm0475905/
Apichatpong Weerasethakul,,/name/nm0917405/
Frederick Wiseman,,/name/nm0936464/
Charlie Kaufman,,/name/nm0442109/
Sion Sono,,/name/nm0814469/
Terrence Malick,,/name/nm0000517/
Martin Campbell,,/name/nm0132709/
Park Chan-wook,,/name/nm0661791/
Alfonso Cuarón,,/name/nm0190859/
David Lynch,,/name/nm0000186/
Juan José Campanella,,/name/nm0002728/
Denis Villeneuve,,/name/nm0898288/
Pablo Larraín,,/name/nm1883257/
Richard Kelly,,/name/nm0446819/
Michel Gondry,,/name/nm0327273/
David Fincher,,/name/nm0000399/
Damien Chazelle,,/name/nm3227090/
Alex Garland,,/name/nm0307497/
Pete Docter,,/name/nm0230032/
David Michôd,,/name/nm2391575/
Mel Gibson,,/name/nm0000154/
Nuri Bilge Ceylan,,/name/nm0149196/
Andrew Stanton,,/name/nm0004056/
Stevan Riley,,/name/nm2257147/
Cristian Mungiu,,/name/nm0612816/
Adam McKay,,/name/nm0570912/
Ermanno Olmi,,/name/nm0647438/
Paul Greengrass,,/name/nm0339030/
David Fincher,,/name/nm0000399/
Paul Feig,,/name/nm0082450/
Andrew Stanton,,/name/nm0004056/
John Crowley,,/name/nm1259871/
Joshua Oppenheimer,,/name/nm1484791/
Paul Thomas Anderson,,/name/nm0000759/
Steve McQueen,,/name/nm0000537/
Michel Gondry,,/name/nm0327273/
Lynne Ramsay,,/name/nm0708903/
Todd Haynes,,/name/nm0001331/
Miguel Arteta,,/name/nm0037708/
Ridley Scott,,/name/nm0000631/
Adam Curtis,,/name/nm0193231/
Baz Luhrmann,,/name/nm0525303/
Steven Spielberg,,/name/nm0000229/
Martin Campbell,,/name/nm0132709/
Lukas Moodysson,,/name/nm0600546/
Alexander Payne,,/name/nm0668247/
Quentin Tarantino,,/name/nm0000233/
David Lynch,,/name/nm0000186/
Wong Kar-wai,,/name/nm0939182/
Terrence Malick,,/name/nm0000517/
Abbas Kiarostami,,/name/nm0452102/
Brian De Palma,,/name/nm0000361/
Kenneth Lonergan,,/name/nm0518836/
Jonathan Glazer,,/name/nm0322242/
Mojtaba Mirtahmasb, Jafar Panahi,/name/nm0592554/
James Gray,,/name/nm0336695/
Laurie Anderson,,/name/nm0002173/
Wong Kar-wai,,/name/nm0939182/
Cristian Mungiu,,/name/nm0612816/
Asghar Farhadi,,/name/nm1410815/
László Nemes,,/name/nm1841577/
Gus Van Sant,,/name/nm0001814/
Jacques Audiard,,/name/nm0002191/
Paul Thomas Anderson,,/name/nm0000759/
Florian Henckel von Donnersmarck,,/name/nm0003697/
Noah Baumbach,,/name/nm0000876/
Michel Gondry,,/name/nm0327273/
Béla Tarr, Ágnes Hranitzky,/name/nm0850601/
Joshua Oppenheimer,,/name/nm1484791/
Claire Denis,,/name/nm0219136/
Jean-Gabriel Périot,,/name/nm1516014/
Harmony Korine,,/name/nm0005101/
Wong Kar-wai,,/name/nm0939182/
Alain Guiraudie,,/name/nm0347492/
Pedro Costa,,/name/nm0182276/
Albert Serra,,/name/nm2247200/
Cristi Puiu,,/name/nm1090998/
Lars von Trier,,/name/nm0001885/
David Fincher,,/name/nm0000399/
Paul Thomas Anderson,,/name/nm0000759/
Joel, Ethan Coen,/name/nm0001054/
Edward Yang,,/name/nm0945981/
Béla Tarr, Ágnes Hranitzky,/name/nm0850601/
Paul Thomas Anderson,,/name/nm0000759/
Don Hertzfeldt,,/name/nm0381116/
Richard Linklater,,/name/nm0000500/
Martin Scorsese,,/name/nm0000217/
Ingmar Bergman,,/name/nm0000005/
Christopher Nolan,,/name/nm0634240/
Abdellatif Kechiche,,/name/nm0444244/
Andrey Zvyagintsev,,/name/nm1168657/
Michael Haneke,,/name/nm0359734/
David Lynch,,/name/nm0000186/
Ulrich Seidl,,/name/nm0782430/
László Nemes,,/name/nm1841577/
Quentin Tarantino,,/name/nm0000233/
Alejandro González Iñárritu,,/name/nm0327944/
Apichatpong Weerasethakul,,/name/nm0917405/
David Lynch,,/name/nm0000186/
Béla Tarr, Ágnes Hranitzky,/name/nm0850601/
Wang Bing,,/name/nm7432856/
Alain Cavalier,,/name/nm0146760/
Leos Carax,,/name/nm0136021/
Gus Van Sant,,/name/nm0001814/
Jia Zhangke,,/title/tt4092686/
Guillermo Del Toro,,/name/nm0868219/
Hayao Miyazaki,,/name/nm0594503/
Terrence Malick,,/name/nm0000517/
Ken Jacobs,,/name/nm0414499/
Phil Solomon,,/name/nm0813409/
Jean-Luc Godard,,/name/nm0000419/
Lewis Klahr,,/name/nm0458185/
Park Chan-wook,,/name/nm0661791/
What a Life!) (Ernie Gehr,,
Janie Geiser,,/name/nm0312026/
Nikolaus Geyrhalter,,/name/nm0315430/
Jia Zhangke,,/title/tt4092686/
Rajat Kapoor,,/name/nm0438494/
Chaitanya Tamhane,,/name/nm4058904/
Dibakar Banerjee,,/name/nm1962313/
Mira Nair,,/name/nm0619762/
Anurag Kashyap,,/name/nm0440604/
Tigmanshu Dhulia,,/name/nm0223606/
Vikramaditya Motwane,,/name/nm0003939/
Sudhir Mishra,,/name/nm0592803/
Vishal Bhardwaj,,/name/nm0080235/
Ashutosh Gowariker,,/name/nm0332950/
Paul Thomas Anderson,,/name/nm0000759/
David Lynch,,/name/nm0000186/
Steven Spielberg,,/name/nm0000229/
Abdellatif Kechiche,,/name/nm0444244/
Hayao Miyazaki,,/name/nm0594503/
Nuri Bilge Ceylan,,/name/nm0149196/
Wong Kar-wai,,/name/nm0939182/
Éric Rohmer,,/name/nm0006445/
Edward Yang,,/name/nm0945981/
Aleksey Fedorchenko,,/name/nm1922735/
Charlie Kaufman,,/name/nm0442109/
Michel Gondry,,/name/nm0327273/
Richard Linklater,,/name/nm0000500/
George Miller,,/name/nm0004306/
Miranda July,,/name/nm0432380/
David Fincher,,/name/nm0000399/
Joel, Ethan Coen,/name/nm0001054/
Jim Jarmusch,,/name/nm0000464/
Ava DuVernay,,/name/nm1148550/
Michael Bay,,/name/nm0000881/
Pete Docter,,/name/nm0230032/
Spike Lee,,/name/nm0000490/
Sarah Polley,,/name/nm0001631/
Spike Jonze,,/name/nm0005069/
Alfonso Cuarón,,/name/nm0190859/
Richard Linklater,,/name/nm0000500/
Joshua Oppenheimer,,/name/nm1484791/
Ryan Coogler,,/name/nm3363032/
Gina Prince-Bythewood,,/name/nm0697656/
Rian Johnson,,/name/nm0426059/
Tsai Ming-liang,,/title/tt5012990/
Asghar Farhadi,,/name/nm1410815/
Kenneth Lonergan,,/name/nm0518836/
Abbas Kiarostami,,/name/nm0452102/
Claire Denis,,/name/nm0219136/
Jafar Panahi,,/name/nm0070159/
Sean Baker,,/name/nm0048918/
Wes Anderson,,/name/nm0027572/
Harmony Korine,,/name/nm0005101/
Apichatpong Weerasethakul,,/name/nm0917405/
Jean-Luc Godard,,/name/nm0000419/
Éric Rohmer,,/name/nm0006445/
Hou Hsiao-hsien,,/title/tt4092526/
Clint Eastwood,,/name/nm0000142/
Pedro Costa,,/name/nm0182276/
Wes Anderson,,/name/nm0027572/
Leos Carax,,/name/nm0136021/
Quentin Tarantino,,/name/nm0000233/
Tony Scott,,/name/nm0001716/
Kiyoshi Kurosawa,,/name/nm0475905/
Abderrahmane Sissako,,/name/nm0803066/
Michael Haneke,,/name/nm0359734/
Carol Morley,,/name/nm1345246/
Alain Gomis,,/name/nm0327120/
Agnès Varda,,/name/nm0889513/
Raoul Peck,,/name/nm0669704/
Steve McQueen,,/name/nm0000537/
Ryan Coogler,,/name/nm3363032/
Gabriela Pichler,,/name/nm3307527/
Ava DuVernay,,/name/nm1148550/
Joel, Ethan Coen,/name/nm0001054/
Joel, Ethan Coen,/name/nm0001054/
J. J. Abrams,,/title/tt1953491/
Richard Linklater,,/name/nm0000500/
Paweł Pawlikowski,,/name/nm0667734/
Gaspar Noé,,/name/nm0637615/
Paul Thomas Anderson,,/name/nm0000759/
Xavier Beauvois,,/name/nm0064741/
Philip Gröning,,/name/nm0344973/
Larry Charles,,/name/nm0153078/
David Fincher,,/name/nm0000399/
Richard Linklater,,/name/nm0000500/
Alexander Payne,,/name/nm0668247/
Benh Zeitlin,,/name/nm1022455/
Joel, Ethan Coen,/name/nm0001054/
Mike Judge,,/name/nm0431918/
Paul Feig,,/name/nm0082450/
Harmony Korine,,/name/nm0005101/
Mary Harron,,/name/nm0366004/
Christopher Nolan,,/name/nm0634240/
Alfonso Cuarón,,/name/nm0190859/
Paul Thomas Anderson,,/name/nm0000759/
Kathryn Bigelow,,/name/nm0000941/
Cristian Mungiu,,/name/nm0612816/
Michel Gondry,,/name/nm0327273/
Richard Linklater,,/name/nm0000500/
Sofia Coppola,,/name/nm0001068/
Tony Gilroy,,/name/nm0006904/
Kenneth Lonergan,,/name/nm0518836/
Andrew Stanton, Lee Unkrich,/name/nm0004056/
,,/name/nm0545408/
Richard Linklater,,/name/nm0000500/
Leos Carax,,/name/nm0136021/
Terrence Malick,,/name/nm0000517/
Wong Kar-wai,,/name/nm0939182/
Joel, Ethan Coen,/name/nm0001054/
Abbas Kiarostami,,/name/nm0452102/
Christopher Nolan,,/name/nm0634240/
Alfonso Cuarón,,/name/nm0190859/
David Lynch,,/name/nm0000186/
David Cronenberg,,/name/nm0000343/
George Clooney,,/name/nm0000123/
Martin Scorsese,,/name/nm0000217/
Paweł Pawlikowski,,/name/nm0667734/
Asghar Farhadi,,/name/nm1410815/
Michael Haneke,,/name/nm0359734/
Joshua Oppenheimer,,/name/nm1484791/
Philip Kaufman,,/name/nm0442241/
Wayne Blair,,/name/nm0992370/
Nadine Labaki,,/name/nm1701024/
Scandar Copti, Yaron Shani,/name/nm2738713/
Christopher Nolan,,/name/nm0634240/
Christopher Nolan,,/name/nm0634240/
Zhang Yimou,,/title/tt1269610/
Quentin Tarantino,,/name/nm0000233/
Martin Scorsese,,/name/nm0000217/
Shimit Amin,,/name/nm0024912/
Wong Kar-wai,,/name/nm0939182/
Joel, Ethan Coen,/name/nm0001054/
Vishal Bhardwaj,,/name/nm0080235/
Florian Henckel von Donnersmarck,,/name/nm0003697/
Roman Polanski,,/name/nm0000591/
Jim Jarmusch,,/name/nm0000464/
Apichatpong Weerasethakul,,/name/nm0917405/
Andrey Zvyagintsev,,/name/nm1168657/
Jean-Pierre Jeunet,,/name/nm0000466/
James Cameron,,/name/nm0000116/
Terrence Malick,,/name/nm0000517/
Roy Andersson,,/name/nm0027815/
Richard Linklater,,/name/nm0000500/
Zhang Yimou,,/title/tt1269610/
Joshua Oppenheimer,,/name/nm1484791/
Michael Haneke,,/name/nm0359734/
Charlie Kaufman,,/name/nm0442109/
Hayao Miyazaki,,/name/nm0594503/
Andrew Stanton,,/name/nm0004056/
Apichatpong Weerasethakul,,/name/nm0917405/
Sofia Coppola,,/name/nm0001068/
Pedro Almodóvar,,/name/nm0000264/
Darren Aronofsky,,/name/nm0004716/
Richard Linklater,,/name/nm0000500/
Wong Kar-wai,,/name/nm0939182/
Michael Haneke,,/name/nm0359734/
Edward Yang,,/name/nm0945981/
Kathryn Bigelow,,/name/nm0000941/
Nuri Bilge Ceylan,,/name/nm0149196/
Claire Denis,,/name/nm0219136/
Paul Thomas Anderson,,/name/nm0000759/
Joshua Oppenheimer,,/name/nm1484791/
Béla Tarr, Ágnes Hranitzky,/name/nm0850601/
Paolo Sorrentino,,/name/nm0815204/
Terrence Malick,,/name/nm0000517/
Mia Hansen-Løve,,/name/nm0361135/
Paul Thomas Anderson,,/name/nm0000759/
Terry Zwigoff,,/name/nm0959062/
Miguel Gomes,,/name/nm0326937/
Kelly Reichardt,,/name/nm0716980/
Lucrecia Martel,,/name/nm0551506/
Maren Ade,,/name/nm0011752/
Hou Hsiao-hsien,,/title/tt4092526/
Pedro Costa,,/name/nm0182276/
Paul Thomas Anderson,,/name/nm0000759/
Terrence Malick,,/name/nm0000517/
David Fincher,,/name/nm0000399/
Maren Ade,,/name/nm0011752/
Paul Thomas Anderson,,/name/nm0000759/
Arnaud Desplechin,,/name/nm0221611/
Olivier Assayas,,/name/nm0000801/
Joel, Ethan Coen,/name/nm0001054/
Wes Anderson,,/name/nm0027572/
Jean-Pierre, Luc Dardenne,/name/nm0077450/
Lucrecia Martel,,/name/nm0551506/
Hayao Miyazaki,,/name/nm0594503/
David Lynch,,/name/nm0000186/
Víctor Gaviria,,/name/nm0310597/
Pete Docter,,/name/nm0230032/
Agnès Varda,,/name/nm0889513/
Andrey Zvyagintsev,,/name/nm1168657/
Philippe Garrel,,/name/nm0308042/
Jonathan Glazer,,/name/nm0322242/
Jean-Charles Fitoussi,,/name/nm0280083/
Terrence Malick,,/name/nm0000517/
Leos Carax,,/name/nm0136021/
Miguel Gomes,,/name/nm0326937/
David Cronenberg,,/name/nm0000343/
Apichatpong Weerasethakul,,/name/nm0917405/
Cristi Puiu,,/name/nm1090998/
Christian Petzold,,/name/nm0678857/
Jia Zhangke,,/title/tt4092686/
Jonas Mekas,,/name/nm0577263/
Lee Chang-dong,,/name/nm0496969/
Sofia Coppola,,/name/nm0001068/
David O. Russell,,/name/nm0751102/
John Crowley,,/name/nm1259871/
Tony Gilroy,,/name/nm0006904/
Derek Cianfrance,,/name/nm0161834/
Jean-Pierre Jeunet,,/name/nm0000466/
Michel Hazanavicius,,/name/nm0371890/
Tom Hooper,,/name/nm0393799/
Mike Leigh,,/name/nm0005139/
Jean-Marc Vallée,,/name/nm0885249/
Naji Abou Nowar,,/name/nm3578681/
Bahman Ghobadi,,/name/nm0315842/
Park Chan-wook,,/name/nm0661791/
Damián Szifrón,,/name/nm1167933/
James Marsch,,/name/nm3193396/
Jim Jarmusch,,/name/nm0000464/
Quentin Tarantino,,/name/nm0000233/
Wes Anderson,,/name/nm0027572/
Rachid Bouchareb,,/name/nm0098953/
Fernando Meirelles, Kátia Lund,/name/nm0576987/
Aleksey German,,/name/nm0314516/
Andrzej Zulawski,,/name/nm0958558/
Joel, Ethan Coen,/name/nm0001054/
Olivier Assayas,,/name/nm0000801/
Steven Soderbergh,,/name/nm0001752/
Paul Thomas Anderson,,/name/nm0000759/
Paul Thomas Anderson,,/name/nm0000759/
Claire Denis,,/name/nm0219136/
Lynne Ramsay,,/name/nm0708903/
Spike Lee,,/name/nm0000490/
Wong Kar-wai,,/name/nm0939182/
Lars von Trier,,/name/nm0001885/
Abbas Kiarostami,,/name/nm0452102/
Michael Haneke,,/name/nm0359734/
Jafar Panahi,,/name/nm0070159/
Pedro Almodóvar,,/name/nm0000264/
Jacques Audiard,,/name/nm0002191/
François Ozon,,/name/nm0654830/
Aleksandr Sokurov,,/name/nm0812546/
Todd Haynes,,/name/nm0001331/
Claude Lanzmann,,/name/nm0487351/
Nuri Bilge Ceylan,,/name/nm0149196/
Cristian Mungiu,,/name/nm0612816/
Corneliu Porumboiu,,/name/nm1717949/
Todd Haynes,,/name/nm0001331/
Roman Polanski,,/name/nm0000591/
Nuri Bilge Ceylan,,/name/nm0149196/
Ang Lee,,/name/nm0000487/
Asghar Farhadi,,/name/nm1410815/
Jean-Luc Godard,,/name/nm0000419/
Richard Linklater,,/name/nm0000500/
Leos Carax,,/name/nm0136021/
Michel Gondry,,/name/nm0327273/
Apichatpong Weerasethakul,,/name/nm0917405/
Gaspar Noé,,/name/nm0637615/
László Nemes,,/name/nm1841577/
Andrey Zvyagintsev,,/name/nm1168657/
Joshua Oppenheimer,,/name/nm1484791/
Steve McQueen,,/name/nm0000537/
Mike Judge,,/name/nm0431918/
Hayao Miyazaki,,/name/nm0594503/
Edward Yang,,/name/nm0945981/
Richard Linklater,,/name/nm0000500/
Kenneth Lonergan,,/name/nm0518836/
Pete Docter,,/name/nm0230032/
Lynne Ramsay,,/name/nm0708903/
Sarah Polley,,/name/nm0001631/
David Michôd,,/name/nm2391575/
Joe Cornish,,/name/nm0180428/
Jeff Tremaine,,/name/nm0871860/
David Lynch,,/name/nm0000186/
Steven Spielberg,,/name/nm0000229/
Terrence Malick,,/name/nm0000517/
Apichatpong Weerasethakul,,/name/nm0917405/
Tsai Ming-liang,,/title/tt5012990/
Claire Denis,,/name/nm0219136/
Jean-Pierre, Luc Dardenne,/name/nm0077450/
Richard Linklater,,/name/nm0000500/
Lucrecia Martel,,/name/nm0551506/
Brian De Palma,,/name/nm0000361/
Asghar Farhadi,,/name/nm1410815/
John Crowley,,/name/nm1259871/
Joel, Ethan Coen,/name/nm0001054/
Kenneth Lonergan,,/name/nm0518836/
Mike Leigh,,/name/nm0005139/
Clint Eastwood,,/name/nm0000142/
Alexander Payne,,/name/nm0668247/
Peter Mullan,,/name/nm0611932/
Sarah Polley,,/name/nm0001631/
Mia Hansen-Løve,,/name/nm0361135/
Florian Henckel von Donnersmarck,,/name/nm0003697/
Joshua Oppenheimer,,/name/nm1484791/
Andrea Arnold,,/name/nm0036349/
George Clooney,,/name/nm0000123/
Michael Haneke,,/name/nm0359734/
Paolo Sorrentino,,/name/nm0815204/
Joel, Ethan Coen,/name/nm0001054/
Asghar Farhadi,,/name/nm1410815/
Brad Bird, Jan Pinkava,/name/nm0083348/
Wong Kar-wai,,/name/nm0939182/
Alfonso Cuarón,,/name/nm0190859/
Joel, Ethan Coen,/name/nm0001054/
Richard Linklater,,/name/nm0000500/
Olivier Assayas,,/name/nm0000801/
Michel Gondry,,/name/nm0327273/
David Wain,,/name/nm0906476/
Robert Zemeckis,,/name/nm0000709/
Michael Haneke,,/name/nm0359734/
Steven Soderbergh,,/name/nm0001752/
Andrew Haigh,,/name/nm0354091/
Edward Yang,,/name/nm0945981/
Hou Hsiao-hsien,,/title/tt4092526/
Cristian Mungiu,,/name/nm0612816/
Michael Haneke,,/name/nm0359734/
Wong Kar-wai,,/name/nm0939182/
Satoshi Kon,,/name/nm0464804/
Hayao Miyazaki,,/name/nm0594503/
Asghar Farhadi,,/name/nm1410815/
Claire Denis,,/name/nm0219136/
Maren Ade,,/name/nm0011752/
Wes Anderson,,/name/nm0027572/
John Crowley,,/name/nm1259871/
George Miller,,/name/nm0004306/
Guillermo Del Toro,,/name/nm0868219/
Terry George,,/name/nm0313623/
David O. Russell,,/name/nm0751102/
Alejandro González Iñárritu,,/name/nm0327944/
Christopher Nolan,,/name/nm0634240/
David Fincher,,/name/nm0000399/
Quentin Tarantino,,/name/nm0000233/
Baz Luhrmann,,/name/nm0525303/
Claire Denis,,/name/nm0219136/
Jonathan Glazer,,/name/nm0322242/
Michel Gondry,,/name/nm0327273/
Pedro Almodóvar,,/name/nm0000264/
Kelly Reichardt,,/name/nm0716980/
Hayao Miyazaki,,/name/nm0594503/
Alfonso Cuarón,,/name/nm0190859/
Miguel Gomes,,/name/nm0326937/
Andrew Haigh,,/name/nm0354091/
Wong Kar-wai,,/name/nm0939182/
Kim Ki-duk,,/title/tt1137972/
David Cronenberg,,/name/nm0000343/
Pedro Almodóvar,,/name/nm0000264/
Todd Haynes,,/name/nm0001331/
Lars von Trier,,/name/nm0001885/
Michael Haneke,,/name/nm0359734/
Andrey Zvyagintsev,,/name/nm1168657/
Jean-Pierre, Luc Dardenne,/name/nm0077450/
Carlos Reygadas,,/name/nm1196161/
Wong Kar-wai,,/name/nm0939182/
Apichatpong Weerasethakul,,/name/nm0917405/
David Lynch,,/name/nm0000186/
Hou Hsiao-hsien,,/title/tt4092526/
Steve McQueen,,/name/nm0000537/
Hayao Miyazaki,,/name/nm0594503/
Kathryn Bigelow,,/name/nm0000941/
Maren Ade,,/name/nm0011752/
Debra Granik,,/name/nm0335138/
Jacques Audiard,,/name/nm0002191/
Duncan Jones,,/name/nm1512910/
Paolo Sorrentino,,/name/nm0815204/
Florian Henckel von Donnersmarck,,/name/nm0003697/
Wong Kar-wai,,/name/nm0939182/
Agnès Jaoui,,/name/nm0418450/
Damián Szifrón,,/name/nm1167933/
Paul Feig,,/name/nm0082450/
Michel Gondry,,/name/nm0327273/
Joel, Ethan Coen,/name/nm0001054/
Quentin Tarantino,,/name/nm0000233/
Nuri Bilge Ceylan,,/name/nm0149196/
Andrew Dominik,,/name/nm0231596/
David Fincher,,/name/nm0000399/
Wes Anderson,,/name/nm0027572/
Peter Jackson,,/name/nm0001392/
Terrence Malick,,/name/nm0000517/
Leos Carax,,/name/nm0136021/
Abderrahmane Sissako,,/name/nm0803066/
Pablo Larraín,,/name/nm1883257/
Guillermo Del Toro,,/name/nm0868219/
Ousmane Sembène,,/name/nm0783733/
Rachid Bouchareb,,/name/nm0098953/
Abderrahmane Sissako,,/name/nm0803066/
Nouri Bouzid,,/name/nm0100525/
Zhang Yimou,,/title/tt1269610/
Fernando Meirelles, Kátia Lund,/name/nm0576987/
Rehad Desai,,/name/nm2390834/
Mohamed Diab,,/name/nm2559996/
Oliver Schmitz,,/name/nm0005628/
Ari Folman,,/name/nm0284369/
Joel, Ethan Coen,/name/nm0001054/
Tom McCarthy,,/name/nm0565336/
Paul Greengrass,,/name/nm0339030/
Dror Moreh,,/name/nm0603466/
Jonathan Glazer,,/name/nm0322242/
Asghar Farhadi,,/name/nm1410815/
Christopher Nolan,,/name/nm0634240/
Clint Eastwood,,/name/nm0000142/
Adam McKay,,/name/nm0570912/
Darren Aronofsky,,/name/nm0004716/
Thom Andersen,,/name/nm0026263/
David Lynch,,/name/nm0000186/
Jean-Luc Godard,,/name/nm0000419/
Hou Hsiao-hsien,,/title/tt4092526/
Kenneth Lonergan,,/name/nm0518836/
Mark Neveldine, Brian Taylor,/name/nm0004410/
Maren Ade,,/name/nm0011752/
Michael Mann,,/name/nm0000520/
Hong Sang-soo,,/name/nm0393254/
Jean-Pierre, Luc Dardenne,/name/nm0077450/
Edward Yang,,/name/nm0945981/
Michael Haneke,,/name/nm0359734/
Andrea Arnold,,/name/nm0036349/
Hayao Miyazaki,,/name/nm0594503/
Abderrahmane Sissako,,/name/nm0803066/
Cristian Mungiu,,/name/nm0612816/
Joel, Ethan Coen,/name/nm0001054/
Aleksey Fedorchenko,,/name/nm1922735/
Asghar Farhadi,,/name/nm1410815/
Patricio Guzmán,,/name/nm0350099/
Leos Carax,,/name/nm0136021/
Víctor Erice,,/name/nm0258977/
Abbas Kiarostami,,/name/nm0452102/
Stephen Chow,,/name/nm0159507/
Peter Tscherkassky,,/name/nm0874787/
Philippe Grandrieux,,/name/nm0334930/
Joseph Kahn,,/name/nm0994538/
Rita Azevedo Gomes,,/name/nm0326946/
Nanni Moretti,,/name/nm0604335/
Brian De Palma,,/name/nm0000361/
Martin Scorsese,,/name/nm0000217/
Joel, Ethan Coen,/name/nm0001054/
Hayao Miyazaki,,/name/nm0594503/
Clint Eastwood,,/name/nm0000142/
Roman Polanski,,/name/nm0000591/
Nanni Moretti,,/name/nm0604335/
David Cronenberg,,/name/nm0000343/
Pedro Almodóvar,,/name/nm0000264/
Sidney Lumet,,/name/nm0001486/
Woody Allen,,/name/nm0000095/
Olivier Assayas,,/name/nm0000801/
David Fincher,,/name/nm0000399/
Andrey Zvyagintsev,,/name/nm1168657/
David Lynch,,/name/nm0000186/
Andrew Dominik,,/name/nm0231596/
Brad Bird,,/name/nm0083348/
Alfonso Cuarón,,/name/nm0190859/
Wes Anderson,,/name/nm0027572/
Werner Herzog,,/name/nm0001348/
Ang Lee,,/name/nm0000487/
Alain Resnais,,/name/nm0720297/
Chantal Akerman,,/name/nm0001901/
Éric Rohmer,,/name/nm0006445/
Manoel de Oliveira,,/name/nm0210701/
Michelangelo Antonioni,,/name/nm0000774/
Charles Burnett,,/name/nm0122344/
Terrence Malick,,/name/nm0000517/
Hou Hsiao-hsien,,/title/tt4092526/
Woody Allen,,/name/nm0000095/
Quentin Tarantino,,/name/nm0000233/
Michel Gondry,,/name/nm0327273/
Ang Lee,,/name/nm0000487/
Leos Carax,,/name/nm0136021/
Fernando Meirelles, Kátia Lund,/name/nm0576987/
Gaspar Noé,,/name/nm0637615/
John Cameron Mitchell,,/name/nm0593463/
Lars von Trier,,/name/nm0001885/
George Miller,,/name/nm0004306/
Peter Jackson,,/name/nm0001392/
Werner Herzog,,/name/nm0001348/
Paul Thomas Anderson,,/name/nm0000759/
David Lynch,,/name/nm0000186/
Lars von Trier,,/name/nm0001885/
Paul Thomas Anderson,,/name/nm0000759/
Jonathan Glazer,,/name/nm0322242/
Catherine Breillat,,/name/nm0106924/
Joel, Ethan Coen,/name/nm0001054/
Kinji Fukasaku,,/name/nm0297935/
Béla Tarr, Ágnes Hranitzky,/name/nm0850601/
Werner Herzog,,/name/nm0001348/
David Lynch,,/name/nm0000186/
Terrence Malick,,/name/nm0000517/
André Singer,,/name/nm0801885/
Steve McQueen,,/name/nm0000537/
Lynne Ramsay,,/name/nm0708903/
Richard Linklater,,/name/nm0000500/
Michael Haneke,,/name/nm0359734/
Florian Henckel von Donnersmarck,,/name/nm0003697/
Patricio Guzmán,,/name/nm0350099/
Andrea Arnold,,/name/nm0036349/
Richard Linklater,,/name/nm0000500/
Michel Gondry,,/name/nm0327273/
Steven Spielberg,,/name/nm0000229/
David Fincher,,/name/nm0000399/
Wes Anderson,,/name/nm0027572/
Jonathan Glazer,,/name/nm0322242/
Yorgos Lanthimos,,/name/nm0487166/
Quentin Tarantino,,/name/nm0000233/
Christopher Guest,,/name/nm0001302/
Ridley Scott,,/name/nm0000631/
Edward Yang,,/name/nm0945981/
Asghar Farhadi,,/name/nm1410815/
Spike Lee,,/name/nm0000490/
Cristian Mungiu,,/name/nm0612816/
Andrew Stanton,,/name/nm0004056/
Christian Petzold,,/name/nm0678857/
Ava DuVernay,,/name/nm1148550/
Abderrahmane Sissako,,/name/nm0803066/
Asghar Farhadi,,/name/nm1410815/
Manoel de Oliveira,,/name/nm0210701/
Joel, Ethan Coen,/name/nm0001054/
Paul Thomas Anderson,,/name/nm0000759/
Pete Docter,,/name/nm0230032/
Todd Haynes,,/name/nm0001331/
John Crowley,,/name/nm1259871/
Ang Lee,,/name/nm0000487/
Richard Linklater,,/name/nm0000500/
Ryan Coogler,,/name/nm3363032/
Derek Cianfrance,,/name/nm0161834/
Spike Jonze,,/name/nm0005069/
Wolfgang Becker,,/name/nm0065615/
Sofia Coppola,,/name/nm0001068/
Tom McCarthy,,/name/nm0565336/
Guillermo Del Toro,,/name/nm0868219/
George Miller,,/name/nm0004306/
Uli Edel,,/name/nm0248942/
Richard Linklater,,/name/nm0000500/
Danis Tanovic,,/name/nm0849786/
Steven Soderbergh,,/name/nm0001752/
Terry Zwigoff,,/name/nm0959062/
Charlie Kaufman,,/name/nm0442109/
Michel Gondry,,/name/nm0327273/
Quentin Tarantino,,/name/nm0000233/
Wes Anderson,,/name/nm0027572/
Nick Cassavetes,,/name/nm0001024/
Spike Jonze,,/name/nm0005069/
Jason Reitman,,/name/nm0718646/
Christopher Nolan,,/name/nm0634240/
Ben Stiller,,/name/nm0001774/
Alfonso Cuarón,,/name/nm0190859/
Christopher Nolan,,/name/nm0634240/
Park Chan-wook,,/name/nm0661791/
Jafar Panahi,,/name/nm0070159/
Florian Henckel von Donnersmarck,,/name/nm0003697/
Stephen Frears,,/name/nm0001241/
Lynne Ramsay,,/name/nm0708903/
Bart Layton,,/name/nm1717925/
Ana Lily Amirpour,,/name/nm3235877/
Bong Joon-ho,,/name/nm0094435/
S. Craig Zahler,,/name/nm0951975/
Richard Linklater,,/name/nm0000500/
Lars von Trier,,/name/nm0001885/
Paolo Sorrentino,,/name/nm0815204/
Michael Haneke,,/name/nm0359734/
Asghar Farhadi,,/name/nm1410815/
Nuri Bilge Ceylan,,/name/nm0149196/
Hayao Miyazaki,,/name/nm0594503/
Michel Hazanavicius,,/name/nm0371890/
Harmony Korine,,/name/nm0005101/
Stephen Frears,,/name/nm0001241/
Michael Haneke,,/name/nm0359734/
Hayao Miyazaki,,/name/nm0594503/
Michel Gondry,,/name/nm0327273/
Terrence Malick,,/name/nm0000517/
Wes Anderson,,/name/nm0027572/
Rick Alverson,,/name/nm3687830/
Kathryn Bigelow,,/name/nm0000941/
Joel, Ethan Coen,/name/nm0001054/
Bong Joon-ho,,/name/nm0094435/
Larry Charles,,/name/nm0153078/
Paul Thomas Anderson,,/name/nm0000759/
Guillermo Del Toro,,/name/nm0868219/
Alfonso Cuarón,,/name/nm0190859/
Ang Lee,,/name/nm0000487/
Christopher Nolan,,/name/nm0634240/
Cameron Crowe,,/name/nm0001081/
Joel, Ethan Coen,/name/nm0001054/
Quentin Tarantino,,/name/nm0000233/
Richard Kelly,,/name/nm0446819/
Joel, Ethan Coen,/name/nm0001054/
Paul Thomas Anderson,,/name/nm0000759/
Brad Bird, Jan Pinkava,/name/nm0083348/
Nuri Bilge Ceylan,,/name/nm0149196/
David Lynch,,/name/nm0000186/
Alfonso Cuarón,,/name/nm0190859/
Spike Jonze,,/name/nm0005069/
Richard Linklater,,/name/nm0000500/
Lee Chang-dong,,/name/nm0496969/
Wes Anderson,,/name/nm0027572/
David Fincher,,/name/nm0000399/
Edward Yang,,/name/nm0945981/
Alfonso Cuarón,,/name/nm0190859/
David Lynch,,/name/nm0000186/
Richard Linklater,,/name/nm0000500/
Wong Kar-wai,,/name/nm0939182/
Wes Anderson,,/name/nm0027572/
Spike Lee,,/name/nm0000490/
Abbas Kiarostami,,/name/nm0452102/
Steven Spielberg,,/name/nm0000229/
Jim Jarmusch,,/name/nm0000464/
Lars von Trier,,/name/nm0001885/
Hayao Miyazaki,,/name/nm0594503/
Cristian Mungiu,,/name/nm0612816/
Tomas Alfredson,,/name/nm0019247/
Sarah Polley,,/name/nm0001631/
Todd Haynes,,/name/nm0001331/
Cristi Puiu,,/name/nm1090998/
Paul Thomas Anderson,,/name/nm0000759/
Michael Haneke,,/name/nm0359734/
Luke Fowler,,/name/nm4917815/
Michael Haneke,,/name/nm0359734/
Nuri Bilge Ceylan,,/name/nm0149196/
Abderrahmane Sissako,,/name/nm0803066/
Nanni Moretti,,/name/nm0604335/
Andrey Zvyagintsev,,/name/nm1168657/
Lee Chang-dong,,/name/nm0496969/
Pedro Almodóvar,,/name/nm0000264/
Michel Hazanavicius,,/name/nm0371890/
Park Chan-wook,,/name/nm0661791/
Terence Davies,,/name/nm0203993/
Richard Linklater,,/name/nm0000500/
Ang Lee,,/name/nm0000487/
Steven Knight,,/name/nm1140275/
Kathryn Bigelow,,/name/nm0000941/
Guillermo Del Toro,,/name/nm0868219/
Florian Henckel von Donnersmarck,,/name/nm0003697/
Cary Joji Fukunaga,,/name/nm1560977/
Alexander Payne,,/name/nm0668247/
Ryan Coogler,,/name/nm3363032/
James Marsh,,/name/nm1016428/
Asghar Farhadi,,/name/nm1410815/
Alejandro González Iñárritu,,/name/nm0327944/
Kim Ki-duk,,/title/tt1137972/
Wong Kar-wai,,/name/nm0939182/
Hayao Miyazaki,,/name/nm0594503/
Ang Lee,,/name/nm0000487/
Park Chan-wook,,/name/nm0661791/
Abbas Kiarostami,,/name/nm0452102/
Aleksandr Sokurov,,/name/nm0812546/
Nuri Bilge Ceylan,,/name/nm0149196/
Jean-Luc Godard,,/name/nm0000419/
Pedro Costa,,/name/nm0182276/
Béla Tarr, Ágnes Hranitzky,/name/nm0850601/
Leos Carax,,/name/nm0136021/
Apichatpong Weerasethakul,,/name/nm0917405/
Andrey Zvyagintsev,,/name/nm1168657/
Miguel Gomes,,/name/nm0326937/
Ben Rivers,,/name/nm4234237/
Lav Diaz,,/name/nm0225010/
Pietro Marcello,,/name/nm2754122/
Terrence Malick,,/name/nm0000517/
Wong Kar-wai,,/name/nm0939182/
Andrew Dominik,,/name/nm0231596/
Joel, Ethan Coen,/name/nm0001054/
David Fincher,,/name/nm0000399/
Paul Thomas Anderson,,/name/nm0000759/
Alfonso Cuarón,,/name/nm0190859/
Sofia Coppola,,/name/nm0001068/
Spike Lee,,/name/nm0000490/
Todd Haynes,,/name/nm0001331/
David Lynch,,/name/nm0000186/
Chantal Akerman,,/name/nm0001901/
Wang Bing,,/name/nm7432856/
James Gray,,/name/nm0336695/
Jia Zhangke,,/title/tt4092686/
Naomi Kawase,,/name/nm0442905/
Abbas Kiarostami,,/name/nm0452102/
Francis Ford Coppola,,/name/nm0000338/
João Pedro Rodrigues,,/name/nm0735134/
Harmony Korine,,/name/nm0005101/
Julian Schnabel,,/name/nm0773603/
Abdellatif Kechiche,,/name/nm0444244/
Tomas Alfredson,,/name/nm0019247/
Joshua Oppenheimer,,/name/nm1484791/
Guillermo Del Toro,,/name/nm0868219/
Paul Thomas Anderson,,/name/nm0000759/
Asghar Farhadi,,/name/nm1410815/
Jacques Audiard,,/name/nm0002191/
Andrew Stanton,,/name/nm0004056/
Neill Blomkamp,,/name/nm0088955/
Abbas Kiarostami,,/name/nm0452102/
Joel, Ethan Coen,/name/nm0001054/
Paul Thomas Anderson,,/name/nm0000759/
Wong Kar-wai,,/name/nm0939182/
Don Hertzfeldt,,/name/nm0381116/
Terence Davies,,/name/nm0203993/
Michel Gondry,,/name/nm0327273/
Nina Paley,,/name/nm1315434/
Jennifer Kent,,/name/nm0448768/
Leos Carax,,/name/nm0136021/
Michel Gondry,,/name/nm0327273/
Andrew Stanton,,/name/nm0004056/
Wong Kar-wai,,/name/nm0939182/
Paul Thomas Anderson,,/name/nm0000759/
Sarah Polley,,/name/nm0001631/
Julian Schnabel,,/name/nm0773603/
László Nemes,,/name/nm1841577/
James Marsch,,/name/nm3193396/
Cristian Mungiu,,/name/nm0612816/
James Cameron,,/name/nm0000116/
Ang Lee,,/name/nm0000487/
Gurinder Chadha,,/name/nm0149446/
Spike Jonze,,/name/nm0005069/
Paweł Pawlikowski,,/name/nm0667734/
Mira Nair,,/name/nm0619762/
Terrence Malick,,/name/nm0000517/
Guillermo Del Toro,,/name/nm0868219/
Hany Abu-Assad,,/name/nm0009463/
Ava DuVernay,,/name/nm1148550/
David Fincher,,/name/nm0000399/
Michel Gondry,,/name/nm0327273/
Ang Lee,,/name/nm0000487/
Christopher Nolan,,/name/nm0634240/
Andrew Stanton, Lee Unkrich,/name/nm0004056/
Damien Chazelle,,/name/nm3227090/
Steve McQueen,,/name/nm0000537/
Sam Mendes,,/name/nm0005222/
Joel, Ethan Coen,/name/nm0001054/
Andrew Haigh,,/name/nm0354091/
Vincent Paronnaud, Marjane Satrapi,/name/nm1749112/
Wong Kar-wai,,/name/nm0939182/
László Nemes,,/name/nm1841577/
Kathryn Bigelow,,/name/nm0000941/
Jacques Audiard,,/name/nm0002191/
Fatih Akin,,/name/nm0015359/
Ari Folman,,/name/nm0284369/
Park Chan-wook,,/name/nm0661791/
Wolfgang Becker,,/name/nm0065615/
Paweł Pawlikowski,,/name/nm0667734/
Denis Villeneuve,,/name/nm0898288/
David Lynch,,/name/nm0000186/
Charlie Kaufman,,/name/nm0442109/
Jonathan Glazer,,/name/nm0322242/
Andrey Zvyagintsev,,/name/nm1168657/
Todd Haynes,,/name/nm0001331/
Miguel Gomes,,/name/nm0326937/
Peter Weir,,/name/nm0001837/
Kenneth Lonergan,,/name/nm0518836/
Paul Thomas Anderson,,/name/nm0000759/
Steve McQueen,,/name/nm0000537/
Spike Lee,,/name/nm0000490/
Fernando Meirelles, Kátia Lund,/name/nm0576987/
Joshua Oppenheimer,,/name/nm1484791/
Christopher Nolan,,/name/nm0634240/
Hayao Miyazaki,,/name/nm0594503/
Brad Bird,,/name/nm0083348/
Robert Altman,,/name/nm0000265/
Christopher Nolan,,/name/nm0634240/
Tomm Moore,,/name/nm1119079/
Charlie Kaufman,,/name/nm0442109/
David Lynch,,/name/nm0000186/
Wong Kar-wai,,/name/nm0939182/
Joel, Ethan Coen,/name/nm0001054/
Paul Thomas Anderson,,/name/nm0000759/
Hayao Miyazaki,,/name/nm0594503/
Fernando Meirelles, Kátia Lund,/name/nm0576987/
Edward Yang,,/name/nm0945981/
Spike Jonze,,/name/nm0005069/
Asghar Farhadi,,/name/nm1410815/
Gus Van Sant,,/name/nm0001814/
Béla Tarr, Ágnes Hranitzky,/name/nm0850601/
Apichatpong Weerasethakul,,/name/nm0917405/
Guy Maddin,,/name/nm0534665/
Claire Denis,,/name/nm0219136/
Wes Anderson,,/name/nm0027572/
Paolo Sorrentino,,/name/nm0815204/
"Pete Docter, David Silverman", Lee Unkrich,
Clio Barnard,,/name/nm1163237/
Christian Marclay,,/name/nm3827692/
Tsai Ming-liang,,/title/tt5012990/
David Fincher,,/name/nm0000399/
Ang Lee,,/name/nm0000487/
Kathryn Bigelow,,/name/nm0000941/
Hayao Miyazaki,,/name/nm0594503/
Wong Kar-wai,,/name/nm0939182/
Wes Anderson,,/name/nm0027572/
Benh Zeitlin,,/name/nm1022455/
Richard Linklater,,/name/nm0000500/
Destin Daniel Cretton,,/name/nm2308774/
Patty Jenkins,,/name/nm0420941/
Nadine Labaki,,/name/nm1701024/
Roberto Benigni,,/name/nm0000905/
Jafar Panahi,,/name/nm0070159/
Eran Riklis,,/name/nm0726954/
Annemarie Jacir,,/name/nm1486975/
Ramin Bahrani,,/name/nm1023919/
Sofia Coppola,,/name/nm0001068/
Yann Arthus-Bertrand,,/name/nm0037867/
Ang Lee,,/name/nm0000487/
Asghar Farhadi,,/name/nm1410815/
David Fincher,,/name/nm0000399/
David Lynch,,/name/nm0000186/
Wong Kar-wai,,/name/nm0939182/
Edward Yang,,/name/nm0945981/
Richard Linklater,,/name/nm0000500/
Mary Harron,,/name/nm0366004/
Lukas Moodysson,,/name/nm0600546/
Nicolas Winding Refn,,/name/nm0716347/
Spike Lee,,/name/nm0000490/
Joel, Ethan Coen,/name/nm0001054/
Terrence Malick,,/name/nm0000517/
Alfonso Cuarón,,/name/nm0190859/
Aleksandr Sokurov,,/name/nm0812546/
Paul Thomas Anderson,,/name/nm0000759/
Clint Eastwood,,/name/nm0000142/
Cristi Puiu,,/name/nm1090998/
Hany Abu-Assad,,/name/nm0009463/
Andrey Zvyagintsev,,/name/nm1168657/
Roy Andersson,,/name/nm0027815/
Jean-Pierre Jeunet,,/name/nm0000466/
Joel, Ethan Coen,/name/nm0001054/
Spike Lee,,/name/nm0000490/
Cameron Crowe,,/name/nm0001081/
Sofia Coppola,,/name/nm0001068/
Paul Thomas Anderson,,/name/nm0000759/
David Fincher,,/name/nm0000399/
Michel Gondry,,/name/nm0327273/
David Fincher,,/name/nm0000399/
Steve McQueen,,/name/nm0000537/
Tom McCarthy,,/name/nm0565336/
Wong Kar-wai,,/name/nm0939182/
Florian Henckel von Donnersmarck,,/name/nm0003697/
Michel Gondry,,/name/nm0327273/
Quentin Tarantino,,/name/nm0000233/
Christopher Nolan,,/name/nm0634240/
Pedro Almodóvar,,/name/nm0000264/
Alejandro González Iñárritu,,/name/nm0327944/
Andrew Lau, Alan Mak,/name/nm0490487/
Sofia Coppola,,/name/nm0001068/
Andrew Adamson, Vicky Jenson,/name/nm0011470/
Elia Suleiman,,/name/nm0837839/
Béla Tarr, Ágnes Hranitzky,/name/nm0850601/
Ossama Mohammed,,/name/nm0611256/
Mani Haghighi,,/name/nm2155679/
Alain Gomis,,/name/nm0327120/
Jia Zhangke,,/title/tt4092686/
Mohamed Soueid,,/name/nm5168085/
Miguel Gomes,,/name/nm0326937/
Patricio Guzmán,,/name/nm0350099/
Karim Aïnouz, Marcelo Gomes,/name/nm0014694/
Béla Tarr, Ágnes Hranitzky,/name/nm0850601/
Lucien Castaing-Taylor, Verena Paravel,/name/nm3626583/
Agnès Varda,,/name/nm0889513/
Paolo Sorrentino,,/name/nm0815204/
Joshua Oppenheimer,,/name/nm1484791/
Lav Diaz,,/name/nm0225010/
Michael Haneke,,/name/nm0359734/
Patricio Guzmán,,/name/nm0350099/
Hayao Miyazaki,,/name/nm0594503/
Asghar Farhadi,,/name/nm1410815/
Terrence Malick,,/name/nm0000517/
David Lynch,,/name/nm0000186/
David Fincher,,/name/nm0000399/
Paul Thomas Anderson,,/name/nm0000759/
Wong Kar-wai,,/name/nm0939182/
Hou Hsiao-hsien,,/title/tt4092526/
Terrence Malick,,/name/nm0000517/
Joshua Oppenheimer,,/name/nm1484791/
Charlie Kaufman,,/name/nm0442109/
Kiyoshi Kurosawa,,/name/nm0475905/
Wong Kar-wai,,/name/nm0939182/
Kathryn Bigelow,,/name/nm0000941/
Pete Docter,,/name/nm0230032/
Ang Lee,,/name/nm0000487/
Martin Scorsese,,/name/nm0000217/
Steve McQueen,,/name/nm0000537/
Pedro Almodóvar,,/name/nm0000264/
Ang Lee,,/name/nm0000487/
Joel, Ethan Coen,/name/nm0001054/
Mike Mills,,/name/nm0590122/
Ronit Elkabetz, Shlomi Elkabetz,/name/nm0253813/
Joshua Oppenheimer,,/name/nm1484791/
Joshua Oppenheimer,,/name/nm1484791/
Terrence Malick,,/name/nm0000517/
Terrence Malick,,/name/nm0000517/
Paul Thomas Anderson,,/name/nm0000759/
Wes Anderson,,/name/nm0027572/
Asghar Farhadi,,/name/nm1410815/
Gareth Edwards,,/name/nm2284484/
Jonathan Glazer,,/name/nm0322242/
Pablo Larraín,,/name/nm1883257/
Vincent Paronnaud, Marjane Satrapi,/name/nm1749112/
Richard Linklater,,/name/nm0000500/
David Lynch,,/name/nm0000186/
Kathryn Bigelow,,/name/nm0000941/
Céline Sciamma,,/name/nm1780037/
Mia Hansen-Løve,,/name/nm0361135/
Jia Zhangke,,/title/tt4092686/
Michael Winterbottom,,/name/nm0935863/
Maren Ade,,/name/nm0011752/
Paul Thomas Anderson,,/name/nm0000759/
Steve McQueen,,/name/nm0000537/
Jonathan Glazer,,/name/nm0322242/
Andrey Zvyagintsev,,/name/nm1168657/
Paolo Sorrentino,,/name/nm0815204/
Alexander Payne,,/name/nm0668247/
Richard Linklater,,/name/nm0000500/
Trey Parker,,/name/nm0005295/
Lars von Trier,,/name/nm0001885/
Larry Charles,,/name/nm0153078/
Edward Yang,,/name/nm0945981/
Hayao Miyazaki,,/name/nm0594503/
Kenneth Lonergan,,/name/nm0518836/
Paul Thomas Anderson,,/name/nm0000759/
Wes Anderson,,/name/nm0027572/
Hirokazu Koreeda,,/name/nm0466153/
Ousmane Sembène,,/name/nm0783733/
Christopher Nolan,,/name/nm0634240/
Park Chan-wook,,/name/nm0661791/
Ang Lee,,/name/nm0000487/
Richard Linklater,,/name/nm0000500/
Leos Carax,,/name/nm0136021/
David Lynch,,/name/nm0000186/
Christopher Nolan,,/name/nm0634240/
Paul Thomas Anderson,,/name/nm0000759/
Joel, Ethan Coen,/name/nm0001054/
Julian Schnabel,,/name/nm0773603/
Guy Maddin,,/name/nm0534665/
Pete Docter,,/name/nm0230032/
Adam McKay,,/name/nm0570912/
Jane Campion,,/name/nm0001005/
George Miller,,/name/nm0004306/
Michael Haneke,,/name/nm0359734/
David Fincher,,/name/nm0000399/
Mike Leigh,,/name/nm0005139/
Michael Haneke,,/name/nm0359734/
Paul Thomas Anderson,,/name/nm0000759/
Jim Jarmusch,,/name/nm0000464/
Joel, Ethan Coen,/name/nm0001054/
Miguel Gomes,,/name/nm0326937/
Christopher Nolan,,/name/nm0634240/
Darren Aronofsky,,/name/nm0004716/
Peter Jackson,,/name/nm0001392/
Nicolas Winding Refn,,/name/nm0716347/
Leos Carax,,/name/nm0136021/
George Miller,,/name/nm0004306/
Ben Wheatley,,/name/nm1296554/
Lee Unkrich,,/name/nm0881279/
Shane Black,,/name/nm0000948/
Joel, Ethan Coen,/name/nm0001054/
David Lynch,,/name/nm0000186/
Joel, Ethan Coen,/name/nm0001054/
Jean-Pierre Jeunet,,/name/nm0000466/
Christopher Nolan,,/name/nm0634240/
Wong Kar-wai,,/name/nm0939182/
Pedro Almodóvar,,/name/nm0000264/
Bong Joon-ho,,/name/nm0094435/
Andrew Stanton,,/name/nm0004056/
Michael Moore,,/name/nm0601619/
Alfonso Cuarón,,/name/nm0190859/
David Lynch,,/name/nm0000186/
László Nemes,,/name/nm1841577/
Paweł Pawlikowski,,/name/nm0667734/
Michel Gondry,,/name/nm0327273/
Michael Haneke,,/name/nm0359734/
Hirokazu Koreeda,,/name/nm0466153/
Joshua Oppenheimer,,/name/nm1484791/
Lars von Trier,,/name/nm0001885/
Alejandro González Iñárritu,,/name/nm0327944/
Werner Herzog,,/name/nm0001348/
Michael Haneke,,/name/nm0359734/
Nuri Bilge Ceylan,,/name/nm0149196/
Asghar Farhadi,,/name/nm1410815/
Warwick Thornton,,/name/nm0861610/
Andrey Zvyagintsev,,/name/nm1168657/
Hirokazu Koreeda,,/name/nm0466153/
Pedro Almodóvar,,/name/nm0000264/
Clint Eastwood,,/name/nm0000142/
Joel, Ethan Coen,/name/nm0001054/
Aki Kaurismäki,,/name/nm0442454/
Raoul Ruiz,,/name/nm0749914/
Kenneth Lonergan,,/name/nm0518836/
Terrence Malick,,/name/nm0000517/
Jean-Claude Brisseau,,/name/nm0109885/
Lucrecia Martel,,/name/nm0551506/
Maren Ade,,/name/nm0011752/
Patrick Wang,,/name/nm1169526/
Miguel Gomes,,/name/nm0326937/
Gus Van Sant,,/name/nm0001814/
Apichatpong Weerasethakul,,/name/nm0917405/
Béla Tarr, Ágnes Hranitzky,/name/nm0850601/
Andrey Zvyagintsev,,/name/nm1168657/
Michael Haneke,,/name/nm0359734/
Wong Kar-wai,,/name/nm0939182/
Roy Andersson,,/name/nm0027815/
Tsai Ming-liang,,/title/tt5012990/
Pirjo Honkasalo,,/name/nm0393345/
Agnès Varda,,/name/nm0889513/
Hayao Miyazaki,,/name/nm0594503/
Carlos Reygadas,,/name/nm1196161/
Abdellatif Kechiche,,/name/nm0444244/
Jim Jarmusch,,/name/nm0000464/
David Lynch,,/name/nm0000186/
Sofia Coppola,,/name/nm0001068/
Spike Lee,,/name/nm0000490/
Quentin Tarantino,,/name/nm0000233/
Michel Hazanavicius,,/name/nm0371890/
Christian Petzold,,/name/nm0678857/
Brian De Palma,,/name/nm0000361/
Wes Anderson,,/name/nm0027572/
Kleber Mendonça Filho,,/name/nm2207625/
Paul Thomas Anderson,,/name/nm0000759/
Eran Kolirin,,/name/nm0464115/
Laurent Cantet,,/name/nm0134559/
Kenneth Lonergan,,/name/nm0518836/
Brad Bird, Jan Pinkava,/name/nm0083348/
Agnieszka Holland,,/name/nm0002140/
Cristian Mungiu,,/name/nm0612816/
Andrey Zvyagintsev,,/name/nm1168657/
Christian Petzold,,/name/nm0678857/
Hou Hsiao-hsien,,/title/tt4092526/
Wes Anderson,,/name/nm0027572/
Christopher Nolan,,/name/nm0634240/
Apichatpong Weerasethakul,,/name/nm0917405/
Joshua Oppenheimer,,/name/nm1484791/
Joel, Ethan Coen,/name/nm0001054/
Kim Jee-woon,,/name/nm0453518/
Jia Zhangke,,/title/tt4092686/
Hayao Miyazaki,,/name/nm0594503/
Wong Kar-wai,,/name/nm0939182/
Jean-Luc Godard,,/name/nm0000419/
Aleksandr Sokurov,,/name/nm0812546/
Leos Carax,,/name/nm0136021/
Wong Kar-wai,,/name/nm0939182/
Alfonso Cuarón,,/name/nm0190859/
Paul Thomas Anderson,,/name/nm0000759/
Asghar Farhadi,,/name/nm1410815/
Wes Anderson,,/name/nm0027572/
Lucrecia Martel,,/name/nm0551506/
Guillermo Del Toro,,/name/nm0868219/
Terrence Malick,,/name/nm0000517/
Richard Linklater,,/name/nm0000500/
David Fincher,,/name/nm0000399/
Edward Yang,,/name/nm0945981/
Kenneth Lonergan,,/name/nm0518836/
Kelly Reichardt,,/name/nm0716980/
Spike Lee,,/name/nm0000490/
Asghar Farhadi,,/name/nm1410815/
Abbas Kiarostami,,/name/nm0452102/
Paul Thomas Anderson,,/name/nm0000759/
David Lynch,,/name/nm0000186/
Paul Thomas Anderson,,/name/nm0000759/
Joel, Ethan Coen,/name/nm0001054/
David Fincher,,/name/nm0000399/
Alfonso Cuarón,,/name/nm0190859/
Martin Scorsese,,/name/nm0000217/
Wong Kar-wai,,/name/nm0939182/
Steve McQueen,,/name/nm0000537/
Christopher Nolan,,/name/nm0634240/
Kenneth Lonergan,,/name/nm0518836/
Christopher Nolan,,/name/nm0634240/
George Miller,,/name/nm0004306/
Anthony, Joe Russo,/name/nm3597101/
J. J. Abrams,,/title/tt1953491/
Richard Curtis,,/name/nm0193485/
Rian Johnson,,/name/nm0426059/
Rob Marshall,,/name/nm0551128/
Ben Stiller,,/name/nm0001774/
Stephen Frears,,/name/nm0001241/
David O. Russell,,/name/nm0751102/
Fernando Meirelles, Kátia Lund,/name/nm0576987/
Christopher Nolan,,/name/nm0634240/
Guillermo Del Toro,,/name/nm0868219/
Florian Henckel von Donnersmarck,,/name/nm0003697/
Christopher Morris,,/name/nm0606439/
Alejandro González Iñárritu,,/name/nm0327944/
Anurag Kashyap,,/name/nm0440604/
Neill Blomkamp,,/name/nm0088955/
Ashutosh Gowariker,,/name/nm0332950/
Shane Meadows,,/name/nm0276349/
David Lynch,,/name/nm0000186/
Hou Hsiao-hsien,,/title/tt4092526/
Asghar Farhadi,,/name/nm1410815/
Baz Luhrmann,,/name/nm0525303/
Apichatpong Weerasethakul,,/name/nm0917405/
Wong Kar-wai,,/name/nm0939182/
Hayao Miyazaki,,/name/nm0594503/
Cristian Mungiu,,/name/nm0612816/
Edward Yang,,/name/nm0945981/
Michael Moore,,/name/nm0601619/
Steve McQueen,,/name/nm0000537/
Paul Thomas Anderson,,/name/nm0000759/
Guillermo Del Toro,,/name/nm0868219/
Pedro Almodóvar,,/name/nm0000264/
Richard Linklater,,/name/nm0000500/
Kathryn Bigelow,,/name/nm0000941/
Cristian Mungiu,,/name/nm0612816/
Asghar Farhadi,,/name/nm1410815/
Wes Anderson,,/name/nm0027572/
Joel, Ethan Coen,/name/nm0001054/
Joel, Ethan Coen,/name/nm0001054/
Paul Thomas Anderson,,/name/nm0000759/
Andrew Stanton,,/name/nm0004056/
Tom McCarthy,,/name/nm0565336/
John Carney,,/name/nm0138809/
David Fincher,,/name/nm0000399/
Joshua Oppenheimer,,/name/nm1484791/
George Miller,,/name/nm0004306/
Ava DuVernay,,/name/nm1148550/
Edward Yang,,/name/nm0945981/
Abbas Kiarostami,,/name/nm0452102/
Steven Spielberg,,/name/nm0000229/
Jacques Rivette,,/name/nm0729626/
Terence Davies,,/name/nm0203993/
Jean-Luc Godard,,/name/nm0000419/
Terrence Malick,,/name/nm0000517/
Apichatpong Weerasethakul,,/name/nm0917405/
Michel Gondry,,/name/nm0327273/
Philippe Garrel,,/name/nm0308042/
Tsai Ming-liang,,/title/tt5012990/
David Lynch,,/name/nm0000186/
Arnaud Desplechin,,/name/nm0221611/
Edward Yang,,/name/nm0945981/
Park Chan-wook,,/name/nm0661791/
Lars von Trier,,/name/nm0001885/
Alfonso Cuarón,,/name/nm0190859/
Sofia Coppola,,/name/nm0001068/
Brian De Palma,,/name/nm0000361/
Martin Campbell,,/name/nm0132709/
Abdellatif Kechiche,,/name/nm0444244/
Wong Kar-wai,,/name/nm0939182/
Terrence Malick,,/name/nm0000517/
Jacques Audiard,,/name/nm0002191/
Jean-Pierre Jeunet,,/name/nm0000466/
Hayao Miyazaki,,/name/nm0594503/
Ang Lee,,/name/nm0000487/
Pedro Almodóvar,,/name/nm0000264/
David Lynch,,/name/nm0000186/
Michel Gondry,,/name/nm0327273/
Michael Haneke,,/name/nm0359734/
Kim Ki-duk,,/title/tt1137972/
Stephen Daldry,,/name/nm0197636/
Jiang Wen,,/name/nm0422638/
Asghar Farhadi,,/name/nm1410815/
Ang Lee,,/name/nm0000487/
Florian Henckel von Donnersmarck,,/name/nm0003697/
Jia Zhangke,,/title/tt4092686/
Alejandro González Iñárritu,,/name/nm0327944/
Andrew Lau, Alan Mak,/name/nm0490487/
Fernando Meirelles, Kátia Lund,/name/nm0576987/
