state,m_d,state_num,Latitude,Longitude
Arkansas,"Movie: Take Shelter  Director: Jeff Nichols
",1,34.7519275,-92.1313784
California,"Movie: Zero Dark Thirty  Director: Kathryn Bigelow
Movie: There Will Be Blood  Director: Paul Thomas Anderson
Movie: The Master  Director: Paul Thomas Anderson
Movie: There Will Be Blood  Director: Paul Thomas Anderson
Movie: Selma  Director: Ava DuVernay
Movie: Far From Heaven  Director: Todd Haynes
Movie: Inherent Vice  Director: Paul Thomas Anderson
Movie: Million Dollar Baby  Director: Clint Eastwood
Movie: Spring Breakers  Director: Harmony Korine
Movie: Star Wars: Episode III – Revenge of the Sith  Director: George Lucas
Movie: There Will Be Blood  Director: Paul Thomas Anderson
Movie: There Will Be Blood  Director: Paul Thomas Anderson
Movie: Almost Famous  Director: Cameron Crowe
Movie: There Will Be Blood  Director: Paul Thomas Anderson
Movie: Spring Breakers  Director: Harmony Korine
Movie: World of Tomorrow  Director: Don Hertzfeldt
Movie: There Will Be Blood  Director: Paul Thomas Anderson
Movie: Mystic River  Director: Clint Eastwood
Movie: There Will Be Blood  Director: Paul Thomas Anderson
Movie: Far From Heaven  Director: Todd Haynes
Movie: It's Such a Beautiful Day  Director: Don Hertzfeldt
Movie: Carol  Director: Todd Haynes
Movie: World of Tomorrow  Director: Don Hertzfeldt
Movie: Almost Famous  Director: Cameron Crowe
Movie: Nightcrawler  Director: Dan Gilroy
Movie: There Will Be Blood  Director: Paul Thomas Anderson
Movie: There Will Be Blood  Director: Paul Thomas Anderson
Movie: There Will Be Blood  Director: Paul Thomas Anderson
Movie: Jersey Boys  Director: Clint Eastwood
Movie: Open Range  Director: Kevin Costner
Movie: Punch-Drunk Love  Director: Paul Thomas Anderson
Movie: Far From Heaven  Director: Todd Haynes
Movie: There Will Be Blood  Director: Paul Thomas Anderson
Movie: Spring Breakers  Director: Harmony Korine
Movie: There Will Be Blood  Director: Paul Thomas Anderson
Movie: The Master  Director: Paul Thomas Anderson
Movie: It's Such a Beautiful Day  Director: Don Hertzfeldt
Movie: There Will Be Blood  Director: Paul Thomas Anderson
Movie: Selma  Director: Ava DuVernay
Movie: Pain & Gain  Director: Michael Bay
Movie: Fruitvale Station  Director: Ryan Coogler
Movie: Spring Breakers  Director: Harmony Korine
Movie: Gran Torino  Director: Clint Eastwood
Movie: Fruitvale Station  Director: Ryan Coogler
Movie: Middle of Nowhere  Director: Ava DuVernay
Movie: There Will Be Blood  Director: Paul Thomas Anderson
Movie: Spring Breakers  Director: Harmony Korine
Movie: There Will Be Blood  Director: Paul Thomas Anderson
Movie: The Hurt Locker  Director: Kathryn Bigelow
Movie: Zero Dark Thirty  Director: Kathryn Bigelow
Movie: There Will Be Blood  Director: Paul Thomas Anderson
Movie: Punch-Drunk Love  Director: Paul Thomas Anderson
Movie: The Master  Director: Paul Thomas Anderson
Movie: There Will Be Blood  Director: Paul Thomas Anderson
Movie: The Master  Director: Paul Thomas Anderson
Movie: There Will Be Blood  Director: Paul Thomas Anderson
Movie: Far From Heaven  Director: Todd Haynes
Movie: Far From Heaven  Director: Todd Haynes
Movie: Letters From Iwo Jima  Director: Clint Eastwood
Movie: Carol  Director: Todd Haynes
Movie: The Hurt Locker  Director: Kathryn Bigelow
Movie: Letters From Iwo Jima  Director: Clint Eastwood
Movie: Million Dollar Baby  Director: Clint Eastwood
Movie: Inherent Vice  Director: Paul Thomas Anderson
Movie: There Will Be Blood  Director: Paul Thomas Anderson
Movie: Selma  Director: Ava DuVernay
Movie: There Will Be Blood  Director: Paul Thomas Anderson
Movie: Carol  Director: Todd Haynes
Movie: Fruitvale Station  Director: Ryan Coogler
Movie: Spring Breakers  Director: Harmony Korine
Movie: Zero Dark Thirty  Director: Kathryn Bigelow
Movie: There Will Be Blood  Director: Paul Thomas Anderson
Movie: Almost Famous  Director: Cameron Crowe
Movie: There Will Be Blood  Director: Paul Thomas Anderson
Movie: Carol  Director: Todd Haynes
Movie: The Master  Director: Paul Thomas Anderson
Movie: The Hurt Locker  Director: Kathryn Bigelow
Movie: Sin Nombre  Director: Cary Joji Fukunaga
Movie: Fruitvale Station  Director: Ryan Coogler
Movie: Inherent Vice  Director: Paul Thomas Anderson
Movie: Carol  Director: Todd Haynes
Movie: Spring Breakers  Director: Harmony Korine
Movie: There Will Be Blood  Director: Paul Thomas Anderson
Movie: The Master  Director: Paul Thomas Anderson
Movie: It's Such a Beautiful Day  Director: Don Hertzfeldt
Movie: There Will Be Blood  Director: Paul Thomas Anderson
Movie: Selma  Director: Ava DuVernay
Movie: The Hurt Locker  Director: Kathryn Bigelow
Movie: Carol  Director: Todd Haynes
Movie: There Will Be Blood  Director: Paul Thomas Anderson
Movie: There Will Be Blood  Director: Paul Thomas Anderson
Movie: Zero Dark Thirty  Director: Kathryn Bigelow
Movie: Monster  Director: Patty Jenkins
Movie: There Will Be Blood  Director: Paul Thomas Anderson
Movie: Letters From Iwo Jima  Director: Clint Eastwood
Movie: Almost Famous  Director: Cameron Crowe
Movie: Punch-Drunk Love  Director: Paul Thomas Anderson
Movie: There Will Be Blood  Director: Paul Thomas Anderson
Movie: Zero Dark Thirty  Director: Kathryn Bigelow
Movie: Inherent Vice  Director: Paul Thomas Anderson
Movie: The Hurt Locker  Director: Kathryn Bigelow
Movie: There Will Be Blood  Director: Paul Thomas Anderson
Movie: There Will Be Blood  Director: Paul Thomas Anderson
Movie: The Master  Director: Paul Thomas Anderson
Movie: The Master  Director: Paul Thomas Anderson
Movie: Million Dollar Baby  Director: Clint Eastwood
Movie: The Master  Director: Paul Thomas Anderson
Movie: There Will Be Blood  Director: Paul Thomas Anderson
Movie: There Will Be Blood  Director: Paul Thomas Anderson
Movie: There Will Be Blood  Director: Paul Thomas Anderson
Movie: Captain America: Winter Soldier  Director: Anthony
Movie: There Will Be Blood  Director: Paul Thomas Anderson
Movie: The Hurt Locker  Director: Kathryn Bigelow
Movie: There Will Be Blood  Director: Paul Thomas Anderson
Movie: Selma  Director: Ava DuVernay
",115,37.2718745,-119.2704153
Colorado,"Movie: Zodiac  Director: David Fincher
Movie: The Social Network  Director: David Fincher
Movie: The Social Network  Director: David Fincher
Movie: The Curious Case of Benjamin Button  Director: David Fincher
Movie: Zodiac  Director: David Fincher
Movie: The Social Network  Director: David Fincher
Movie: Zodiac  Director: David Fincher
Movie: The Social Network  Director: David Fincher
Movie: The Social Network  Director: David Fincher
Movie: Blue Valentine  Director: Derek Cianfrance
Movie: The Social Network  Director: David Fincher
Movie: Zodiac  Director: David Fincher
Movie: Zodiac  Director: David Fincher
Movie: Gone Girl  Director: David Fincher
Movie: The Social Network  Director: David Fincher
Movie: Zodiac  Director: David Fincher
Movie: Blue Valentine  Director: Derek Cianfrance
Movie: The Curious Case of Benjamin Button  Director: David Fincher
Movie: The Social Network  Director: David Fincher
Movie: Zodiac  Director: David Fincher
Movie: The Social Network  Director: David Fincher
Movie: Blue Valentine  Director: Derek Cianfrance
Movie: Zodiac  Director: David Fincher
Movie: Zodiac  Director: David Fincher
Movie: The Social Network  Director: David Fincher
Movie: Zodiac  Director: David Fincher
Movie: Zodiac  Director: David Fincher
Movie: Zodiac  Director: David Fincher
Movie: The Social Network  Director: David Fincher
Movie: Zodiac  Director: David Fincher
Movie: Team America: World Police  Director: Trey Parker
Movie: Zodiac  Director: David Fincher
Movie: Zodiac  Director: David Fincher
Movie: The Social Network  Director: David Fincher
Movie: The Social Network  Director: David Fincher
",35,38.9979339,-105.550567
District of Columbia,"Movie: Love & Friendship  Director: Whit Stillman
",1,38.8993487,-77.0145666
Georgia,"Movie: Traffic  Director: Steven Soderbergh
Movie: 25th Hour Director: Spike Lee
Movie: Bamboozled  Director: Spike Lee
Movie: 25th Hour Director: Spike Lee
Movie: 25th Hour Director: Spike Lee
Movie: When the Levees Broke: A Requiem in Four Acts  Director: Spike Lee
Movie: Che  Director: Steven Soderbergh
Movie: 25th Hour Director: Spike Lee
Movie: Traffic  Director: Steven Soderbergh
Movie: 25th Hour Director: Spike Lee
Movie: Che  Director: Steven Soderbergh
Movie: 25th Hour Director: Spike Lee
Movie: 25th Hour Director: Spike Lee
Movie: 25th Hour Director: Spike Lee
Movie: 25th Hour Director: Spike Lee
Movie: 25th Hour Director: Spike Lee
Movie: 25th Hour Director: Spike Lee
Movie: 25th Hour Director: Spike Lee
",18,32.6781248,-83.2229757
Hawaii,"Movie: Short Term 12 Director: Destin Daniel Cretton
Movie: Short Term 12 Director: Destin Daniel Cretton
",2,20.46,-157.505
Illinois,"Movie: The Tree of Life  Director: Terrence Malick
Movie: The New World  Director: Terrence Malick
Movie: The New World  Director: Terrence Malick
Movie: The Tree of Life  Director: Terrence Malick
Movie: The Tree of Life  Director: Terrence Malick
Movie: The Tree of Life  Director: Terrence Malick
Movie: The Tree of Life  Director: Terrence Malick
Movie: The Tree of Life  Director: Terrence Malick
Movie: Collateral  Director: Michael Mann
Movie: The Tree of Life  Director: Terrence Malick
Movie: The New World  Director: Terrence Malick
Movie: Heart of a Dog  Director: Laurie Anderson
Movie: The New World  Director: Terrence Malick
Movie: The Tree of Life  Director: Terrence Malick
Movie: Quills  Director: Philip Kaufman
Movie: The Tree of Life  Director: Terrence Malick
Movie: The Tree of Life  Director: Terrence Malick
Movie: The Tree of Life  Director: Terrence Malick
Movie: The Tree of Life  Director: Terrence Malick
Movie: The Tree of Life  Director: Terrence Malick
Movie: Cast Away  Director: Robert Zemeckis
Movie: The Tree of Life  Director: Terrence Malick
Movie: Miami Vice  Director: Michael Mann
Movie: The New World  Director: Terrence Malick
Movie: The Tree of Life  Director: Terrence Malick
Movie: The Tree of Life  Director: Terrence Malick
Movie: The Tree of Life  Director: Terrence Malick
Movie: Sita Sings the Blues  Director: Nina Paley
Movie: The New World  Director: Terrence Malick
Movie: The Tree of Life  Director: Terrence Malick
Movie: The New World  Director: Terrence Malick
Movie: The Tree of Life  Director: Terrence Malick
Movie: The Tree of Life  Director: Terrence Malick
Movie: Knight of Cups  Director: Terrence Malick
Movie: The New World  Director: Terrence Malick
Movie: The Tree of Life  Director: Terrence Malick
Movie: The Tree of Life  Director: Terrence Malick
Movie: The Tree of Life  Director: Terrence Malick
",38,39.739318,-89.504139
Indiana,"Movie: 12 Years a Slave Director: Steve McQueen
Movie: 12 Years a Slave Director: Steve McQueen
Movie: Shame  Director: Steve McQueen
Movie: 12 Years a Slave Director: Steve McQueen
Movie: Hunger  Director: Steve McQueen
Movie: 12 Years a Slave Director: Steve McQueen
Movie: Shame  Director: Steve McQueen
Movie: 12 Years a Slave Director: Steve McQueen
Movie: Shame  Director: Steve McQueen
Movie: 12 Years a Slave Director: Steve McQueen
Movie: 12 Years a Slave Director: Steve McQueen
Movie: 12 Years a Slave Director: Steve McQueen
Movie: 12 Years a Slave Director: Steve McQueen
Movie: 12 Years a Slave Director: Steve McQueen
Movie: Shame  Director: Steve McQueen
",15,39.7662195,-86.441277
Kansas,"Movie: Frozen  Director: Chris Buck
",1,38.4987789,-98.3200779
Kentucky,"Movie: Elephant  Director: Gus Van Sant
Movie: Elephant  Director: Gus Van Sant
Movie: Elephant  Director: Gus Van Sant
Movie: Elephant  Director: Gus Van Sant
Movie: Elephant  Director: Gus Van Sant
Movie: Good Night and Good Luck  Director: George Clooney
Movie: Good Night and Good Luck  Director: George Clooney
Movie: Elephant  Director: Gus Van Sant
Movie: Gerry  Director: Gus Van Sant
",9,37.8222935,-85.7682399
Maryland,"Movie: Adaptation  Director: Spike Jonze
Movie: Her  Director: Spike Jonze
Movie: Adaptation  Director: Spike Jonze
Movie: Her  Director: Spike Jonze
Movie: Brick  Director: Rian Johnson
Movie: Her  Director: Spike Jonze
Movie: Her  Director: Spike Jonze
Movie: Her  Director: Spike Jonze
Movie: Her  Director: Spike Jonze
Movie: Adaptation  Director: Spike Jonze
Movie: Brick  Director: Rian Johnson
",11,38.8063524,-77.2684162
Massachusetts,"Movie: Finding Nemo  Director: Andrew Stanton
Movie: WALL-E  Director: Andrew Stanton
Movie: Finding Nemo  Director: Andrew Stanton
Movie: WALL-E  Director: Andrew Stanton
Movie: WALL-E  Director: Andrew Stanton
Movie: In Jackson Heights  Director: Frederick Wiseman
Movie: WALL-E  Director: Andrew Stanton
Movie: WALL-E  Director: Andrew Stanton
Movie: Finding Nemo  Director: Andrew Stanton
Movie: WALL-E  Director: Andrew Stanton
Movie: Winter's Bone  Director: Debra Granik
Movie: WALL-E  Director: Andrew Stanton
Movie: WALL-E  Director: Andrew Stanton
Movie: WALL-E  Director: Andrew Stanton
Movie: Finding Nemo  Director: Andrew Stanton
Movie: WALL-E  Director: Andrew Stanton
Movie: WALL-E  Director: Andrew Stanton
",17,42.0629398,-71.718067
Michigan,"Movie: Spider-Man 2 Director: Sam Raimi
Movie: Bridesmaids  Director: Paul Feig
Movie: Bridesmaids  Director: Paul Feig
Movie: Bridesmaids  Director: Paul Feig
Movie: Twixt  Director: Francis Ford Coppola
Movie: Bowling for Columbine  Director: Michael Moore
Movie: Bowling for Columbine  Director: Michael Moore
",7,44.9435598,-86.4158049
Minnesota,"Movie: No Country For Old Men  Director: Joel
Movie: Inside Llewyn Davis  Director: Joel
Movie: A Serious Man  Director: Joel
Movie: No Country For Old Men  Director: Joel
Movie: Inside Llewyn Davis  Director: Joel
Movie: A Serious Man  Director: Joel
Movie: No Country For Old Men  Director: Joel
Movie: No Country For Old Men  Director: Joel
Movie: O Brother, Where Art Thou?  Director: Joel
Movie: Inside Out  Director: Pete Docter
Movie: Inside Llewyn Davis  Director: Joel
Movie: No Country For Old Men  Director: Joel
Movie: Inside Llewyn Davis  Director: Joel
Movie: Inside Llewyn Davis  Director: Joel
Movie: Inside Llewyn Davis  Director: Joel
Movie: A Serious Man  Director: Joel
Movie: Inside Out  Director: Pete Docter
Movie: Inside Llewyn Davis  Director: Joel
Movie: Inside Llewyn Davis  Director: Joel
Movie: Inside Out  Director: Pete Docter
Movie: A Serious Man  Director: Joel
Movie: Inside Llewyn Davis  Director: Joel
Movie: No Country For Old Men  Director: Joel
Movie: Inside Llewyn Davis  Director: Joel
Movie: No Country For Old Men  Director: Joel
Movie: A Serious Man  Director: Joel
Movie: Inside Out  Director: Pete Docter
Movie: Inside Llewyn Davis  Director: Joel
Movie: Inside Out  Director: Pete Docter
Movie: Inside Llewyn Davis  Director: Joel
Movie: No Country For Old Men  Director: Joel
Movie: No Country For Old Men  Director: Joel
Movie: O Brother, Where Art Thou?  Director: Joel
Movie: No Country For Old Men  Director: Joel
Movie: No Country For Old Men  Director: Joel
Movie: No Country For Old Men  Director: Joel
Movie: A Serious Man  Director: Joel
Movie: Inside Llewyn Davis  Director: Joel
Movie: Inside Out  Director: Pete Docter
Movie: No Country For Old Men  Director: Joel
Movie: A Serious Man  Director: Joel
Movie: O Brother, Where Art Thou?  Director: Joel
Movie: Inside Llewyn Davis  Director: Joel
Movie: Inside Llewyn Davis  Director: Joel
Movie: Inside Llewyn Davis  Director: Joel
Movie: No Country For Old Men  Director: Joel
Movie: A Serious Man  Director: Joel
Movie: Inside Llewyn Davis  Director: Joel
Movie: Inside Out  Director: Pete Docter
Movie: No Country For Old Men  Director: Joel
Movie: Inside Llewyn Davis  Director: Joel
Movie: Inside Out  Director: Pete Docter
Movie: Inside Llewyn Davis  Director: Joel
Movie: Inside Llewyn Davis  Director: Joel
Movie: No Country For Old Men  Director: Joel
Movie: No Country For Old Men  Director: Joel
Movie: No Country For Old Men  Director: Joel
Movie: No Country For Old Men  Director: Joel
Movie: No Country For Old Men  Director: Joel
Movie: No Country For Old Men  Director: Joel
",60,46.4418595,-93.3655146
Mississippi,"Movie: Warming by the Devil's Fire  Director: Charles Burnett
",1,32.5851062,-89.8772196
Missouri,"Movie: Gosford Park  Director: Robert Altman
Movie: Anomalisa  Director: Duke Johnson
Movie: Gosford Park  Director: Robert Altman
",3,38.3046615,-92.437099
Montana,"Movie: Mulholland Drive  Director: David Lynch
Movie: Mulholland Drive  Director: David Lynch
Movie: Mulholland Drive  Director: David Lynch
Movie: Mulholland Drive  Director: David Lynch
Movie: Mulholland Drive  Director: David Lynch
Movie: Inland Empire  Director: David Lynch
Movie: Mulholland Drive  Director: David Lynch
Movie: Mulholland Drive  Director: David Lynch
Movie: The Incredibles  Director: Brad Bird
Movie: Mulholland Drive  Director: David Lynch
Movie: Mulholland Drive  Director: David Lynch
Movie: Mulholland Drive  Director: David Lynch
Movie: Ratatouille  Director: Brad Bird
Movie: Mulholland Drive  Director: David Lynch
Movie: Mulholland Drive  Director: David Lynch
Movie: Mulholland Drive  Director: David Lynch
Movie: Mulholland Drive  Director: David Lynch
Movie: Mulholland Drive  Director: David Lynch
Movie: Mulholland Drive  Director: David Lynch
Movie: Mulholland Drive  Director: David Lynch
Movie: Mulholland Drive  Director: David Lynch
Movie: Mulholland Drive  Director: David Lynch
Movie: Mulholland Drive  Director: David Lynch
Movie: Mulholland Drive  Director: David Lynch
Movie: Mulholland Drive  Director: David Lynch
Movie: Mulholland Drive  Director: David Lynch
Movie: Mulholland Drive  Director: David Lynch
Movie: Mulholland Drive  Director: David Lynch
Movie: Mulholland Drive  Director: David Lynch
Movie: Ratatouille  Director: Brad Bird
Movie: Mulholland Drive  Director: David Lynch
Movie: Mulholland Drive  Director: David Lynch
Movie: Mulholland Drive  Director: David Lynch
Movie: The Incredibles  Director: Brad Bird
Movie: Mulholland Drive  Director: David Lynch
Movie: Mulholland Drive  Director: David Lynch
Movie: Ratatouille  Director: Brad Bird
Movie: Mulholland Drive  Director: David Lynch
Movie: Mulholland Drive  Director: David Lynch
Movie: Mulholland Drive  Director: David Lynch
Movie: Mulholland Drive  Director: David Lynch
Movie: The Incredibles  Director: Brad Bird
Movie: Mulholland Drive  Director: David Lynch
Movie: Mulholland Drive  Director: David Lynch
Movie: Mulholland Drive  Director: David Lynch
Movie: Mulholland Drive  Director: David Lynch
Movie: Mulholland Drive  Director: David Lynch
Movie: Mulholland Drive  Director: David Lynch
Movie: Mulholland Drive  Director: David Lynch
Movie: Mulholland Drive  Director: David Lynch
Movie: Ratatouille  Director: Brad Bird
Movie: Mulholland Drive  Director: David Lynch
Movie: Mulholland Drive  Director: David Lynch
Movie: Mulholland Drive  Director: David Lynch
Movie: Mulholland Drive  Director: David Lynch
",55,46.6797995,-110.044783
Nebraska,"Movie: Sideways  Director: Alexander Payne
Movie: Sideways  Director: Alexander Payne
Movie: The Descendants  Director: Alexander Payne
Movie: Nebraska  Director: Alexander Payne
Movie: Nebraska  Director: Alexander Payne
Movie: Nebraska  Director: Alexander Payne
",6,41.5008195,-99.680902
New Jersey,"Movie: Femme Fatale  Director: Brian De Palma
Movie: Femme Fatale  Director: Brian De Palma
Movie: Spotlight  Director: Tom McCarthy
Movie: Femme Fatale  Director: Brian De Palma
Movie: Spotlight  Director: Tom McCarthy
Movie: Spotlight  Director: Tom McCarthy
Movie: Femme Fatale  Director: Brian De Palma
Movie: Spotlight  Director: Tom McCarthy
Movie: Femme Fatale  Director: Brian De Palma
",9,40.1430058,-74.7311156
New York,"Movie: Margaret  Director: Kenneth Lonergan
Movie: The Wolf of Wall Street  Director: Martin Scorsese
Movie: Synecdoche, New York  Director: Charlie Kaufman
Movie: Black Swan  Director: Darren Aronofsky
Movie: Lost in Translation  Director: Sofia Coppola
Movie: Somewhere  Director: Sofia Coppola
Movie: The Diving Bell and the Butterfly  Director: Julian Schnabel
nanMovie: Requiem for a Dream  Director: Darren Aronofsky
Movie: The Wolf of Wall Street  Director: Martin Scorsese
Movie: Footnote  Director: Joseph Cedar
Movie: You Can Count On Me  Director: Kenneth Lonergan
Movie: Yossi & Jagger  Director: Eytan Fox
Movie: Synecdoche, New York  Director: Charlie Kaufman
Movie: Lost in Translation  Director: Sofia Coppola
Movie: Borat: Cultural Learnings of America for Make Benefit Glorious Nation of Kazakhstan  Director: Larry Charles
Movie: Lost in Translation  Director: Sofia Coppola
Movie: The Avengers  Director: Joss Whedon
Movie: Manchester by the Sea  Director: Kenneth Lonergan
Movie: American Hustle  Director: David O. Russell
Movie: Borat: Cultural Learnings of America for Make Benefit Glorious Nation of Kazakhstan  Director: Larry Charles
Movie: Synecdoche, New York  Director: Charlie Kaufman
Movie: American Splendor  Director: Robert Pulcini
Movie: Lost in Translation  Director: Sofia Coppola
Movie: Frances Ha  Director: Noah Baumbach
Movie: Synecdoche, New York  Director: Charlie Kaufman
Movie: Requiem for a Dream  Director: Darren Aronofsky
Movie: Manchester by the Sea  Director: Kenneth Lonergan
Movie: Synecdoche, New York  Director: Charlie Kaufman
Movie: The Diving Bell and the Butterfly  Director: Julian Schnabel
Movie: The Squid and the Whale  Director: Noah Baumbach
Movie: Adventureland  Director: Greg Mottola
Movie: Synecdoche, New York  Director: Charlie Kaufman
Movie: Apocalypto  Director: Mel Gibson
Movie: Margaret  Director: Kenneth Lonergan
Movie: Two Lovers  Director: James Gray
Movie: Frances Ha  Director: Noah Baumbach
Movie: Shutter Island  Director: Martin Scorsese
Movie: Capitalism: Child Labor  Director: Ken Jacobs
Movie: Psalm III: 'Night of the Meek'  Director: Phil Solomon
Movie: Synecdoche, New York  Director: Charlie Kaufman
Movie: Margaret  Director: Kenneth Lonergan
Movie: Borat: Cultural Learnings of America for Make Benefit Glorious Nation of Kazakhstan  Director: Larry Charles
Movie: Beasts of the Southern Wild  Director: Benh Zeitlin
Movie: Lost in Translation  Director: Sofia Coppola
Movie: Michael Clayton  Director: Tony Gilroy
Movie: You Can Count on Me Me  Director: Kenneth Lonergan
nanMovie: Hugo  Director: Martin Scorsese
Movie: The Wolf of Wall Street  Director: Martin Scorsese
Movie: Synecdoche, New York  Director: Charlie Kaufman
Movie: Lost in Translation  Director: Sofia Coppola
Movie: The Wrestler  Director: Darren Aronofsky
Movie: Lost in Translation  Director: Sofia Coppola
Movie: Silver Linings Playbook  Director: David O. Russell
Movie: Michael Clayton  Director: Tony Gilroy
Movie: You Can Count On Me  Director: Kenneth Lonergan
Movie: You Can Count On Me  Director: Kenneth Lonergan
Movie: Silver Linings Playbook  Director: David O. Russell
Movie: The Wrestler  Director: Darren Aronofsky
Movie: Margaret  Director: Kenneth Lonergan
Movie: Crank  Director: Mark Neveldine
Movie: The Wolf of Wall Street  Director: Martin Scorsese
Movie: Match Point  Director: Woody Allen
Movie: You Will Meet a Tall Dark Stranger  Director: Woody Allen
Movie: Best in Show  Director: Christopher Guest
Movie: Lost in Translation  Director: Sofia Coppola
Movie: Synecdoche, New York  Director: Charlie Kaufman
Movie: Alpha Dog  Director: Nick Cassavetes
Movie: Tropic Thunder  Director: Ben Stiller
Movie: Borat: Cultural Learnings of America for Make Benefit Glorious Nation of Kazakhstan  Director: Larry Charles
Movie: Lost in Translation  Director: Sofia Coppola
Movie: The Yards  Director: James Gray
Movie: The Diving Bell and the Butterfly  Director: Julian Schnabel
Movie: The Diving Bell and the Butterfly  Director: Julian Schnabel
Movie: Synecdoche, New York  Director: Charlie Kaufman
Movie: Margaret  Director: Kenneth Lonergan
Movie: Synecdoche, New York  Director: Charlie Kaufman
Movie: Beasts of the Southern Wild  Director: Benh Zeitlin
Movie: Somewhere  Director: Sofia Coppola
Movie: Lost in Translation  Director: Sofia Coppola
Movie: Lost in Translation  Director: Sofia Coppola
Movie: Synecdoche, New York  Director: Charlie Kaufman
Movie: The Departed  Director: Martin Scorsese
Movie: Borat: Cultural Learnings of America for Make Benefit Glorious Nation of Kazakhstan  Director: Larry Charles
Movie: Margaret  Director: Kenneth Lonergan
Movie: The Diving Bell and the Butterfly  Director: Julian Schnabel
Movie: Requiem for a Dream  Director: Darren Aronofsky
Movie: Margaret  Director: Kenneth Lonergan
Movie: Somewhere  Director: Sofia Coppola
Movie: Margaret  Director: Kenneth Lonergan
Movie: Margaret  Director: Kenneth Lonergan
Movie: The Departed  Director: Martin Scorsese
Movie: Manchester by the Sea  Director: Kenneth Lonergan
Movie: Tropic Thunder  Director: Ben Stiller
Movie: Silver Linings Playbook  Director: David O. Russell
Movie: Lost in Translation  Director: Sofia Coppola
",97,40.7056258,-73.97968
North Carolina,"Movie: Actress  Director: Robert Greene
Movie: 99 Homes Director: Ramin Bahrani
",2,35.2145629,-79.8912675
Ohio,"Movie: Only Lovers Left Alive  Director: Jim Jarmusch
Movie: Toy Story 3 Director: Lee Unkrich
Movie: Minority Report  Director: Steven Spielberg
Movie: Minority Report  Director: Steven Spielberg
Movie: Lincoln  Director: Steven Spielberg
Movie: Toy Story 3 Director: Lee Unkrich
Movie: Munich  Director: Steven Spielberg
Movie: AI: Artificial Intelligence  Director: Steven Spielberg
Movie: Only Lovers Left Alive  Director: Jim Jarmusch
Movie: Only Lovers Left Alive  Director: Jim Jarmusch
Movie: Only Lovers Left Alive  Director: Jim Jarmusch
Movie: AI: Artificial Intelligence  Director: Steven Spielberg
Movie: Wet Hot American Summer  Director: David Wain
Movie: Munich  Director: Steven Spielberg
Movie: AI: Artificial Intelligence  Director: Steven Spielberg
Movie: Only Lovers Left Alive  Director: Jim Jarmusch
Movie: Only Lovers Left Alive  Director: Jim Jarmusch
Movie: Toy Story 3 Director: Lee Unkrich
Movie: Only Lovers Left Alive  Director: Jim Jarmusch
Movie: AI: Artificial Intelligence  Director: Steven Spielberg
",20,40.1903624,-82.6692525
Pennsylvania,"Movie: Talladega Nights: The Ballad of Ricky Bobby  Director: Adam McKay
Movie: Anchorman: The Legend of Ron Burgundy  Director: Adam McKay
Movie: Before the Devil Knows You're Dead  Director: Sidney Lumet
Movie: Step Brothers  Director: Adam McKay
Movie: Kiss Kiss Bang Bang  Director: Shane Black
",5,40.9945928,-77.6046984
Rhode Island,"Movie: Whiplash  Director: Damien Chazelle
Movie: Whiplash  Director: Damien Chazelle
",2,41.5827282,-71.5064508
Tennessee,"Movie: Inglourious Basterds  Director: Quentin Tarantino
Movie: Kill Bill: Vol. 1 Director: Quentin Tarantino
Movie: Kill Bill: Vol. 2 Director: Quentin Tarantino
Movie: Inglourious Basterds  Director: Quentin Tarantino
Movie: Inglourious Basterds  Director: Quentin Tarantino
Movie: Inglourious Basterds  Director: Quentin Tarantino
Movie: Inglourious Basterds  Director: Quentin Tarantino
Movie: Kill Bill: Vol. 1 Director: Quentin Tarantino
Movie: Death Proof – Grindhouse  Director: Quentin Tarantino
Movie: Inglourious Basterds  Director: Quentin Tarantino
Movie: Kill Bill: Vol. 1 Director: Quentin Tarantino
Movie: Inglourious Basterds  Director: Quentin Tarantino
Movie: Inglourious Basterds  Director: Quentin Tarantino
Movie: The Hateful Eight  Director: Quentin Tarantino
Movie: Inglourious Basterds  Director: Quentin Tarantino
Movie: Django Unchained  Director: Quentin Tarantino
Movie: Kill Bill: Vol. 1 Director: Quentin Tarantino
Movie: Kill Bill: Vol. 1 Director: Quentin Tarantino
Movie: Inglourious Basterds  Director: Quentin Tarantino
",19,35.830521,-85.9785989
Texas,"Movie: The Act of Killing  Director: Joshua Oppenheimer
Movie: The Grand Budapest Hotel  Director: Wes Anderson
Movie: The Grand Budapest Hotel  Director: Wes Anderson
Movie: Boyhood  Director: Richard Linklater
Movie: The Royal Tenenbaums  Director: Wes Anderson
Movie: Moonrise Kingdom  Director: Wes Anderson
Movie: A Single Man  Director: Tom Ford
Movie: Boyhood  Director: Richard Linklater
Movie: Boyhood  Director: Richard Linklater
Movie: The Grand Budapest Hotel  Director: Wes Anderson
Movie: The Royal Tenenbaums  Director: Wes Anderson
Movie: Boyhood  Director: Richard Linklater
Movie: The Royal Tenenbaums  Director: Wes Anderson
Movie: Before Sunset  Director: Richard Linklater
Movie: Boyhood  Director: Richard Linklater
Movie: The Three Burials of Melquiades Estrada  Director: Tommy Lee Jones
Movie: Boyhood  Director: Richard Linklater
Movie: Boyhood  Director: Richard Linklater
Movie: Boyhood  Director: Richard Linklater
Movie: Fantastic Mr Fox  Director: Wes Anderson
Movie: The Act of Killing  Director: Joshua Oppenheimer
Movie: Boyhood  Director: Richard Linklater
Movie: The Act of Killing  Director: Joshua Oppenheimer
Movie: Boyhood  Director: Richard Linklater
Movie: The Look of Silence  Director: Joshua Oppenheimer
Movie: The Act of Killing  Director: Joshua Oppenheimer
Movie: Boyhood  Director: Richard Linklater
Movie: Boyhood  Director: Richard Linklater
Movie: Before Midnight  Director: Richard Linklater
Movie: The Look of Silence  Director: Joshua Oppenheimer
Movie: The Royal Tenenbaums  Director: Wes Anderson
Movie: Fantastic Mr Fox  Director: Wes Anderson
Movie: Waking Life  Director: Richard Linklater
Movie: Boyhood  Director: Richard Linklater
Movie: Boyhood  Director: Richard Linklater
Movie: Boyhood  Director: Richard Linklater
Movie: The Act of Killing  Director: Joshua Oppenheimer
Movie: Boyhood  Director: Richard Linklater
Movie: The Act of Killing  Director: Joshua Oppenheimer
Movie: Boyhood  Director: Richard Linklater
Movie: The Look of Silence  Director: Joshua Oppenheimer
Movie: Moonrise Kingdom  Director: Wes Anderson
Movie: The Royal Tenenbaums  Director: Wes Anderson
Movie: Boyhood  Director: Richard Linklater
Movie: The Act of Killing  Director: Joshua Oppenheimer
Movie: Before Sunset  Director: Richard Linklater
Movie: Before Sunset  Director: Richard Linklater
Movie: The Act of Killing  Director: Joshua Oppenheimer
Movie: Before Sunset  Director: Richard Linklater
Movie: The Grand Budapest Hotel  Director: Wes Anderson
Movie: The Grand Budapest Hotel  Director: Wes Anderson
Movie: Fantastic Mr Fox  Director: Wes Anderson
Movie: Hedwig and the Angry Inch  Director: John Cameron Mitchell
Movie: Boyhood  Director: Richard Linklater
Movie: Before Midnight  Director: Richard Linklater
Movie: The Grand Budapest Hotel  Director: Wes Anderson
Movie: Boyhood  Director: Richard Linklater
Movie: Boyhood  Director: Richard Linklater
Movie: The Grand Budapest Hotel  Director: Wes Anderson
Movie: Boyhood  Director: Richard Linklater
Movie: The Grand Budapest Hotel  Director: Wes Anderson
Movie: Boyhood  Director: Richard Linklater
Movie: The Grand Budapest Hotel  Director: Wes Anderson
Movie: Waking Life  Director: Richard Linklater
Movie: Moonrise Kingdom  Director: Wes Anderson
Movie: Boyhood  Director: Richard Linklater
Movie: The Act of Killing  Director: Joshua Oppenheimer
Movie: The Act of Killing  Director: Joshua Oppenheimer
Movie: The Royal Tenenbaums  Director: Wes Anderson
Movie: Moonrise Kingdom  Director: Wes Anderson
Movie: Boyhood  Director: Richard Linklater
Movie: Boyhood  Director: Richard Linklater
Movie: The Act of Killing  Director: Joshua Oppenheimer
Movie: The Act of Killing  Director: Joshua Oppenheimer
Movie: The Act of Killing  Director: Joshua Oppenheimer
Movie: The Look of Silence  Director: Joshua Oppenheimer
Movie: The Grand Budapest Hotel  Director: Wes Anderson
Movie: Boyhood  Director: Richard Linklater
Movie: Before Sunset  Director: Richard Linklater
Movie: The Grand Budapest Hotel  Director: Wes Anderson
Movie: Boyhood  Director: Richard Linklater
Movie: The Act of Killing  Director: Joshua Oppenheimer
Movie: Fantastic Mr Fox  Director: Wes Anderson
Movie: The Grand Budapest Hotel  Director: Wes Anderson
Movie: The Act of Killing  Director: Joshua Oppenheimer
Movie: Moonrise Kingdom  Director: Wes Anderson
Movie: Boyhood  Director: Richard Linklater
Movie: Boyhood  Director: Richard Linklater
Movie: The Royal Tenenbaums  Director: Wes Anderson
Movie: The Act of Killing  Director: Joshua Oppenheimer
",90,31.1693363,-100.0768425
Vermont,"Movie: The Future  Director: Miranda July
Movie: Me and You and Everyone We Know  Director: Miranda July
",2,43.8717545,-72.4477828
Virginia,"Movie: Donnie Darko  Director: Richard Kelly
Movie: Donnie Darko  Director: Richard Kelly
Movie: Donnie Darko  Director: Richard Kelly
",3,38.0033855,-79.4587861
Wisconsin,"Movie: Ghost World  Director: Terry Zwigoff
Movie: Ghost World  Director: Terry Zwigoff
Movie: Chicago  Director: Rob Marshall
",3,44.7862968,-89.8267049
